INSERT INTO user (id, username, username_canonical, email, email_canonical, enabled, salt, password, last_login, locked, expired, expires_at, confirmation_token, password_requested_at, roles, credentials_expired, credentials_expire_at, ya_id, ya_login, passport_login, ya_access_token, ya_name, ya_sex, created_at, updated_at, phone, name, second_name, surname, comment, settings, temporary_password, ga_access_token, ga_refresh_token, ga_expire_time, market_cpa_registration_site, stats_referer, stats_url, stats_keyword, stats_source, last_contact, next_contact, ya_metrika_id, ya_metrika_login, ya_metrika_access_token, ya_metrika_name, ya_metrika_sex, is_subscribed, is_ya_agreement_accepted, ya_agreement_accepted_at, shard, status, version) VALUES (3, 'test2@test.test', 'test2@test.test', 'test2@test.test', 'test2@test.test', 1, '-', '-', '2015-05-27 14:53:41', 0, 0, null, null, null, 'a:2:{i:0;s:15:"ROLE_SHOP_ADMIN";i:1;s:9:"ROLE_USER";}', 0, null, null, null, null, null, null, null, '2015-05-25 14:11:00', '2015-06-10 12:02:37', null, null, null, null, null, '{"is_invalid_token_email_sended":false}', null, null, null, null, null, '', 'http://rc.pricelabs.ru/', null, null, null, null, null, null, null, null, null, 1, 1, '2015-05-25 14:11:00', 'shard5', 'ACTIVE', 1);
INSERT INTO user (id, username, username_canonical, email, email_canonical, enabled, salt, password, last_login, locked, expired, expires_at, confirmation_token, password_requested_at, roles, credentials_expired, credentials_expire_at, ya_id, ya_login, passport_login, ya_access_token, ya_name, ya_sex, created_at, updated_at, phone, name, second_name, surname, comment, settings, temporary_password, ga_access_token, ga_refresh_token, ga_expire_time, market_cpa_registration_site, stats_referer, stats_url, stats_keyword, stats_source, last_contact, next_contact, ya_metrika_id, ya_metrika_login, ya_metrika_access_token, ya_metrika_name, ya_metrika_sex, is_subscribed, is_ya_agreement_accepted, ya_agreement_accepted_at, shard, status, version) VALUES (5, 'pricelabs.tester@ya.ru', 'pricelabs.tester@ya.ru', 'pricelabs.tester0@ya.ru', 'pricelabs.tester@ya.ru', 1, '-', '-', '2019-07-15 12:13:40', 0, 0, null, null, null, 'a:2:{i:0;s:15:"ROLE_SHOP_ADMIN";i:1;s:9:"ROLE_USER";}', 0, null, 318947777, 'pricelabs.tester', 'pricelabs.tester', '-', 'Tester PriceLabs', null, '2015-06-02 19:42:56', '2019-06-17 17:40:17', null, null, null, null, null, '{"is_invalid_token_email_sended":true,"offers_per_page":"100","hide_save_strategy_dialog":true,"monitoring":{"26":{"format":"XLS","sort":"price","competitors":"","is_competitors_only_my_region":true,"is_exclude_my_shop":false,"is_show_shipping_cost":true,"is_show_in_stock":true},"28":{"format":"XLS","sort":"price","competitors":"","is_competitors_only_my_region":false,"is_exclude_my_shop":true,"is_show_shipping_cost":true,"is_show_in_stock":false},"83":{"format":"CSV","sort":"competitors","competitors":["u042du041bu042cu0414u041eu0420u0410u0414u041e"],"is_competitors_only_my_region":false,"is_exclude_my_shop":false,"is_show_shipping_cost":true,"is_show_in_stock":true},"84":{"format":"XLS","sort":"price","competitors":"","is_competitors_only_my_region":true,"is_exclude_my_shop":false,"is_show_shipping_cost":true,"is_show_in_stock":true},"27":{"format":"XLS","sort":"pos","competitors":"","is_competitors_only_my_region":true,"is_exclude_my_shop":true,"is_show_shipping_cost":true,"is_show_in_stock":true},"144":{"format":"XLS","sort":"bid","competitors":["LionOnTheRoad","Alfa 036"],"is_competitors_only_my_region":false,"is_exclude_my_shop":false,"is_show_shipping_cost":true,"is_show_in_stock":false},"4":{"format":"CSV","sort":"bid","competitors":"","is_competitors_only_my_region":true,"is_exclude_my_shop":true,"is_show_shipping_cost":true,"is_show_in_stock":true},"2313":{"format":"CSV","sort":"bid","competitors":"","is_competitors_only_my_region":true,"is_exclude_my_shop":false,"is_show_shipping_cost":false,"is_show_in_stock":false}},"ga":{"profiles":[]},"remove_strategies_with_filters":true,"access_token_autoupdate":false,"stat_orders":{"ym_source_type":"ym:s:UTMSource","ym_source_value":"market.yandex.ru","ym_offer_type":"ym:s:UTMCampaign"},"latest_validation":1560793217,"is_invalid_metrika_token_email_sended":false,"filters_list_opened_dirs":["205"],"no_send_email":false}', null, null, '===', null, null, '', 'http://rc.pricelabs.ru/', null, null, null, null, null, null, '===', null, null, 1, 1, '2015-06-02 19:42:56', 'shard5', 'ACTIVE', 5);
INSERT INTO user (id, username, username_canonical, email, email_canonical, enabled, salt, password, last_login, locked, expired, expires_at, confirmation_token, password_requested_at, roles, credentials_expired, credentials_expire_at, ya_id, ya_login, passport_login, ya_access_token, ya_name, ya_sex, created_at, updated_at, phone, name, second_name, surname, comment, settings, temporary_password, ga_access_token, ga_refresh_token, ga_expire_time, market_cpa_registration_site, stats_referer, stats_url, stats_keyword, stats_source, last_contact, next_contact, ya_metrika_id, ya_metrika_login, ya_metrika_access_token, ya_metrika_name, ya_metrika_sex, is_subscribed, is_ya_agreement_accepted, ya_agreement_accepted_at, shard, status, version) VALUES (6, 'pl.testingshop@ya.ru', 'pl.testingshop@ya.ru', 'pl.testingshop@ya.ru', 'pl.testingshop@ya.ru', 1, '-', '-', '2016-07-26 13:07:31', 0, 0, null, null, null, 'a:2:{i:0;s:15:"ROLE_SHOP_ADMIN";i:1;s:9:"ROLE_USER";}', 0, null, 102720207, 'testing.shop', 'testing.shop', '-', 'testing shops', null, '2015-06-04 11:37:21', '2018-01-11 15:34:31', null, null, null, null, null, '{"is_invalid_token_email_sended":true,"latest_validation":1506528356}', null, null, '===', null, null, '', 'http://rc.pricelabs.ru/', null, null, null, null, null, null, null, null, null, 1, 1, '2015-06-04 11:37:21', 'shard5', 'ACTIVE', 2);
INSERT INTO user (id, username, username_canonical, email, email_canonical, enabled, salt, password, last_login, locked, expired, expires_at, confirmation_token, password_requested_at, roles, credentials_expired, credentials_expire_at, ya_id, ya_login, passport_login, ya_access_token, ya_name, ya_sex, created_at, updated_at, phone, name, second_name, surname, comment, settings, temporary_password, ga_access_token, ga_refresh_token, ga_expire_time, market_cpa_registration_site, stats_referer, stats_url, stats_keyword, stats_source, last_contact, next_contact, ya_metrika_id, ya_metrika_login, ya_metrika_access_token, ya_metrika_name, ya_metrika_sex, is_subscribed, is_ya_agreement_accepted, ya_agreement_accepted_at, shard, status, version) VALUES (203, 'pricelabs.double@yandex.ru', 'pricelabs.double@yandex.ru', 'pricelabs.tester@ya.ru', 'pricelabs.double@yandex.ru', 1, '-', '-', '2018-01-18 08:55:36', 0, 0, null, null, null, 'a:2:{i:0;s:15:"ROLE_SHOP_ADMIN";i:1;s:9:"ROLE_USER";}', 0, null, 349804334, 'pricelabs.double', 'pricelabs.double', '-', null, null, '2017-08-02 13:35:25', '2018-04-20 09:30:15', null, null, null, null, null, '{"latest_validation":1524216615,"is_invalid_token_email_sended":true,"ga":{"profiles":[]},"remove_strategies_with_filters":false,"hide_save_strategy_dialog":true}', null, null, null, null, null, null, null, null, null, null, null, null, null, null, null, null, 1, 1, null, 'shard5', 'ACTIVE', 3);
INSERT INTO user (id, username, username_canonical, email, email_canonical, enabled, salt, password, last_login, locked, expired, expires_at, confirmation_token, password_requested_at, roles, credentials_expired, credentials_expire_at, ya_id, ya_login, passport_login, ya_access_token, ya_name, ya_sex, created_at, updated_at, phone, name, second_name, surname, comment, settings, temporary_password, ga_access_token, ga_refresh_token, ga_expire_time, market_cpa_registration_site, stats_referer, stats_url, stats_keyword, stats_source, last_contact, next_contact, ya_metrika_id, ya_metrika_login, ya_metrika_access_token, ya_metrika_name, ya_metrika_sex, is_subscribed, is_ya_agreement_accepted, ya_agreement_accepted_at, shard, status, version) VALUES (1223, 'eennovna@yandex.ru', 'eennovna@yandex.ru', 'eennovna@yandex.ru', 'eennovna@yandex.ru', 1, '', '-', '2019-01-30 06:57:05', 0, 0, null, null, null, 'a:2:{i:0;s:15:"ROLE_SHOP_ADMIN";i:1;s:9:"ROLE_USER";}', 0, null, 796031574, 'eennovna', 'eennovna', '-', null, null, '2018-12-24 14:02:08', '2019-08-07 10:30:06', null, null, null, null, null, '{"latest_validation":1565173806}', null, null, null, null, null, null, null, null, null, null, null, null, null, null, null, null, 1, 1, null, 'shard5', 'ACTIVE', 3);
INSERT INTO user (id, username, username_canonical, email, email_canonical, enabled, salt, password, last_login, locked, expired, expires_at, confirmation_token, password_requested_at, roles, credentials_expired, credentials_expire_at, ya_id, ya_login, passport_login, ya_access_token, ya_name, ya_sex, created_at, updated_at, phone, name, second_name, surname, comment, settings, temporary_password, ga_access_token, ga_refresh_token, ga_expire_time, market_cpa_registration_site, stats_referer, stats_url, stats_keyword, stats_source, last_contact, next_contact, ya_metrika_id, ya_metrika_login, ya_metrika_access_token, ya_metrika_name, ya_metrika_sex, is_subscribed, is_ya_agreement_accepted, ya_agreement_accepted_at, shard, status, version) VALUES (557, 'pl.test.one@yandex.ru', 'pl.test.one@yandex.ru', 'pl.test.one@yandex.ru', 'pl.test.one@yandex.ru', 1, '', '-', '2019-08-02 12:43:26', 0, 0, null, null, null, 'a:2:{i:0;s:15:"ROLE_SHOP_ADMIN";i:1;s:9:"ROLE_USER";}', 0, null, 684883042, 'pl.test.one', 'pl.test.one', '-', null, null, '2018-08-06 21:30:18', '2019-08-07 15:30:31', null, null, null, null, null, '{"latest_validation":1565191831,"ga":{"profiles":[]},"remove_strategies_with_filters":false,"filters_list_opened_dirs":["402","1702","1802","4802","4802","9102","9202","9202","9202","9202","9202","9202","9402","9502","9602","9702","9702","9902","10002","10102","10202","10302","3","10402","10502","1","1"],"offers_per_page":"100","is_invalid_token_email_sended":true,"monitoring":{"2397":{"format":"CSV","sort":"price","competitors":"","is_competitors_only_my_region":true,"is_exclude_my_shop":true,"is_show_shipping_cost":true,"is_show_in_stock":true},"2353":{"format":"XLS","sort":"bid","competitors":"","is_competitors_only_my_region":true,"is_exclude_my_shop":true,"is_show_shipping_cost":true,"is_show_in_stock":true},"2354":{"format":"XLS","sort":"price","competitors":"","is_competitors_only_my_region":true,"is_exclude_my_shop":true,"is_show_shipping_cost":true,"is_show_in_stock":true}},"ym_invalid_token":false,"invalid_token_email_date":"2019-08-07 10:30:48"}', null, null, null, null, null, null, null, null, null, null, null, null, null, null, null, null, 1, 1, null, 'shard5', 'ACTIVE', 3);


INSERT INTO shop (id, user_id, ya_campaign_id, ya_shop_id, ya_region_id, custom_ya_region_id, status, name, domain, ya_state, ya_state_reasons, id_field, default_bid, default_cbid, schedule, balance_day_limit, is_balance_day_limit_reached, created_at, updated_at, settings, ya_content_api_key, is_token_valid, is_api_day_limit_reached, default_bid_book, default_cbid_book, is_cpa, default_fee, default_fee_book, last_activity, shard) VALUES (1, 3, 21178002, 230176, null, null, 'INACTIVE', 'Магазин.ру', 'shop.ru', 3, '6', null, 0.01, 0.01, '[]', null, 0, '2015-05-27 14:53:41', '2015-05-27 14:53:41', '[]', null, 1, 0, 0.01, 0.01, 0, null, null, null, 'shard5');
INSERT INTO shop (id, user_id, ya_campaign_id, ya_shop_id, ya_region_id, custom_ya_region_id, status, name, domain, ya_state, ya_state_reasons, id_field, default_bid, default_cbid, schedule, balance_day_limit, is_balance_day_limit_reached, created_at, updated_at, settings, ya_content_api_key, is_token_valid, is_api_day_limit_reached, default_bid_book, default_cbid_book, is_cpa, default_fee, default_fee_book, last_activity, shard) VALUES (4, 5, 21248700, 248291, 213, null, 'INACTIVE', 'PL_TestShop', 'pltestshop.yandex.ru', 2, '6,11', 'ID', 0.01, 0.01, '[]', 0, 0, '2015-06-02 19:43:21', '2018-04-25 07:09:46', '{"stat_orders":{"ya_metrika_counter_list":{"36727155":"www.ukol.net (plsmall, 36727155)","38204220":"ucor.net (withoutEC, 38204220)"},"type":"YA_METRIKA","ga_profile_id":null,"ya_metrika_counter_id":null,"ya_metrika_goal_id":null,"is_enabled":false,"ga_additional_filter":null,"ya_metrika_additional_filter":null,"access_type":"standard","ym_source_type":"ym:s:UTMSource","ym_source_value":"market.yandex.ru","ym_offer_type":"ym:s:UTMCampaign","ga_source_type":"source","ga_source_value":"market.yandex.ru","ga_offer_type":"campaign"},"activate_command_id":23627205,"marginality":{"is_purchase_prices_enabled":false,"margin":null,"source_type":"MARGIN","source_csv_url":null,"is_marginality_strategy_enabled":false,"coeff_conversion":null,"coeff_phone":50,"coeff_marketing":100,"min_conversion_value":"10","min_conversion_days":7},"cpo":{"is_cpo_strategy_enabled":true,"period":10},"is_cloth":false,"working_time":{"days":{"1":true,"2":true,"3":true,"4":true,"5":true,"6":true,"7":true},"from":"00:00","to":"24:00","shop_off":"DEFAULT"},"is_show_min_price_in_model":false,"last_yandex_api_403_error":"Client id is invalid. Code: 403","is_minimal_bids":0,"allowed_delete_shop":false,"no_hide_strategies_message_date":"2017-10-25 04:44:04","hide_feeds_not_changed_message_date":"2017-06-27 13:47:03","error_parse_feed_ids":{"7":1,"10":1},"old_hide_feeds_message_date":"2018-02-02 22:34:04"}', null, 1, 0, 0.01, 0.01, 0, null, null, '2019-03-25 13:30:03', 'shard5');
INSERT INTO shop (id, user_id, ya_campaign_id, ya_shop_id, ya_region_id, custom_ya_region_id, status, name, domain, ya_state, ya_state_reasons, id_field, default_bid, default_cbid, schedule, balance_day_limit, is_balance_day_limit_reached, created_at, updated_at, settings, ya_content_api_key, is_token_valid, is_api_day_limit_reached, default_bid_book, default_cbid_book, is_cpa, default_fee, default_fee_book, last_activity, shard) VALUES (27, 5, 21249340, 248665, 213, null, 'ACTIVE', 'PL_Another_Shop', 'planothershop.yandex.ru', 1, '0', null, 0.01, null, '[]', 0, 0, '2015-07-02 12:33:15', '2019-08-07 14:33:10', '{"activate_command_id":2298,"activate_command_error":"\\u041e\\u0448\\u0438\\u0431\\u043a\\u0430 \\u0430\\u043a\\u0442\\u0438\\u0432\\u0430\\u0446\\u0438\\u0438","stat_orders":{"ya_metrika_counter_list":{"36727155":"www.ukol.net (plsmall, 36727155)","38204220":"ucor.net (withoutEC, 38204220)"},"type":"YA_METRIKA","ga_profile_id":null,"ya_metrika_counter_id":null,"ya_metrika_goal_id":null,"is_enabled":true,"ga_additional_filter":null,"ya_metrika_additional_filter":null,"access_type":"standard","ym_source_type":"ym:s:UTMSource","ym_source_value":"market.yandex.ru","ym_offer_type":"ym:s:UTMCampaign","ga_source_type":"source","ga_source_value":"market.yandex.ru","ga_offer_type":"campaign","ya_metrika_primary_command_id":72295503,"ya_metrika_primary_status":"error","ya_metrika_primary_value":"planothershop.yandex.ru: Yandex.Metrika counter id not set. Code: 0. File: \\/home\\/sites\\/pricelabs.ru\\/data\\/release-3.12.7\\/src\\/PriceLabs\\/StatsBundle\\/Command\\/GetOrdersCommand.php#92\\nStack trace:\\n#0 \\/home\\/sites\\/pricelabs.ru\\/data\\/release-3.12.7\\/src\\/PriceLabs\\/CommandManagerBundle\\/Command\\/RunnerCommand.php(232): PriceLabs\\\\StatsBundle\\\\Command\\\\GetOrdersCommand->execute(Object(Symfony\\\\Component\\\\Console\\\\Input\\\\ArrayInput), Object(Symfony\\\\Component\\\\Console\\\\Output\\\\ConsoleOutput))\\n#1 \\/home\\/sites\\/pricelabs.ru\\/data\\/release-3.12.7\\/vendor\\/symfony\\/symfony\\/src\\/Symfony\\/Component\\/Console\\/Command\\/Command.php(263): PriceLabs\\\\CommandManagerBundle\\\\Command\\\\RunnerCommand->execute(Object(Symfony\\\\Component\\\\Console\\\\Input\\\\ArrayInput), Object(Symfony\\\\Component\\\\Console\\\\Output\\\\ConsoleOutput))\\n#2 \\/home\\/sites\\/pricelabs.ru\\/data\\/release-3.12.7\\/vendor\\/symfony\\/symfony\\/src\\/Symfony\\/Component\\/Console\\/Application.php(882): Symfony\\\\Component\\\\Console\\\\Command\\\\Command->run(Object(Symfony\\\\Component\\\\Console\\\\Input\\\\ArgvInput), Object(Symfony\\\\Component\\\\Console\\\\Output\\\\ConsoleOutput))\\n#3 \\/home\\/sites\\/pricelabs.ru\\/data\\/release-3.12.7\\/vendor\\/symfony\\/symfony\\/src\\/Symfony\\/Component\\/Console\\/Application.php(201): Symfony\\\\Component\\\\Console\\\\Application->doRunCommand(Object(PriceLabs\\\\CommandManagerBundle\\\\Command\\\\RunnerCommand), Object(Symfony\\\\Component\\\\Console\\\\Input\\\\ArgvInput), Object(Symfony\\\\Component\\\\Console\\\\Output\\\\ConsoleOutput))\\n#4 \\/home\\/sites\\/pricelabs.ru\\/data\\/release-3.12.7\\/vendor\\/symfony\\/symfony\\/src\\/Symfony\\/Bundle\\/FrameworkBundle\\/Console\\/Application.php(91): Symfony\\\\Component\\\\Console\\\\Application->doRun(Object(Symfony\\\\Component\\\\Console\\\\Input\\\\ArgvInput), Object(Symfony\\\\Component\\\\Console\\\\Output\\\\ConsoleOutput))\\n#5 \\/home\\/sites\\/pricelabs.ru\\/data\\/release-3.12.7\\/vendor\\/symfony\\/symfony\\/src\\/Symfony\\/Component\\/Console\\/Application.php(119): Symfony\\\\Bundle\\\\FrameworkBundle\\\\Console\\\\Application->doRun(Object(Symfony\\\\Component\\\\Console\\\\Input\\\\ArgvInput), Object(Symfony\\\\Component\\\\Console\\\\Output\\\\ConsoleOutput))\\n#6 \\/home\\/sites\\/pricelabs.ru\\/data\\/release-3.12.7\\/app\\/console(27): Symfony\\\\Component\\\\Console\\\\Application->run(Object(Symfony\\\\Component\\\\Console\\\\Input\\\\ArgvInput))\\n#7 {main}"},"marginality":{"is_purchase_prices_enabled":false,"margin":null,"source_type":"YML","source_csv_url":null,"is_marginality_strategy_enabled":false,"coeff_conversion":null,"coeff_phone":50,"coeff_marketing":100,"min_conversion_value":"10","min_conversion_days":7},"cpo":{"is_cpo_strategy_enabled":false,"period":7},"is_cloth":false,"working_time":{"days":{"1":true,"2":true,"3":true,"4":true,"5":true,"6":true,"7":true},"from":"00:00","to":"24:00","shop_off":"DEFAULT"},"is_show_min_price_in_model":false,"last_yandex_api_403_error":"Access denied. Code: 403","experiment_promo_active":{"PLUS1":false},"is_minimal_bids":0,"export":{"password":"---","login":"ya","is_excel_enabled":false,"is_csv_enabled":true,"csv_delimeter":";","csv_enclosure":"\"","sort_type":"PRICE","competitors":"","is_competitors_only_my_region":true,"is_exclude_my_shop":true,"is_show_shipping_cost":true,"is_show_in_stock":true},"updated_by_fixShopOnMainShard":"2018-10-22T14:35:01+03:00","allowed_delete_shop":true,"export_command_time_csv":"07-08-2019 17:33:10"}', null, 1, 0, 0.01, null, 0, null, null, '2019-07-31 12:24:00', 'shard5');
INSERT INTO shop (id, user_id, ya_campaign_id, ya_shop_id, ya_region_id, custom_ya_region_id, status, name, domain, ya_state, ya_state_reasons, id_field, default_bid, default_cbid, schedule, balance_day_limit, is_balance_day_limit_reached, created_at, updated_at, settings, ya_content_api_key, is_token_valid, is_api_day_limit_reached, default_bid_book, default_cbid_book, is_cpa, default_fee, default_fee_book, last_activity, shard) VALUES (62, 6, 1048396, 48396, 154, null, 'INACTIVE', 'testshop3.yandex.ru', 'testshop3.yandex.ru', 2, '6', 'TITLE', 0.01, 0.01, '[]', null, 0, '2015-09-17 12:26:06', '2017-07-12 11:56:56', '{"allowed_delete_shop":false}', null, 1, 0, 0.01, 0.01, 0, null, null, null, 'shard5');
INSERT INTO shop (id, user_id, ya_campaign_id, ya_shop_id, ya_region_id, custom_ya_region_id, status, name, domain, ya_state, ya_state_reasons, id_field, default_bid, default_cbid, schedule, balance_day_limit, is_balance_day_limit_reached, created_at, updated_at, settings, ya_content_api_key, is_token_valid, is_api_day_limit_reached, default_bid_book, default_cbid_book, is_cpa, default_fee, default_fee_book, last_activity, shard) VALUES (1284, 203, 1000506869, 10202682, 213, 2, 'ACTIVE', 'PLдабл', 'pldouble1.yandex.ru', 2, '6,11', 'TITLE', 0.01, 0.01, '[]', 0, 0, '2017-08-24 15:18:12', '2018-04-20 09:30:15', '{"allowed_delete_shop":true,"export":{"password":"---","login":"doub","is_excel_enabled":true,"is_csv_enabled":true,"csv_delimeter":";","csv_enclosure":"\"","sort_type":"price","competitors":"","is_competitors_only_my_region":false,"is_exclude_my_shop":false,"is_show_shipping_cost":false,"is_show_in_stock":false},"popular_recommendation_command_ids":[],"new_recommendation_command_ids":[],"activate_command_id":6249703,"stat_orders":{"ya_metrika_counter_list":[],"ga_profile_id":null,"type":"GA","is_enabled":false,"ga_additional_filter":null,"access_type":"standard","ya_metrika_counter_id":null,"ya_metrika_additional_filter":null,"ym_source_type":"ym:s:UTMSource","ym_source_value":"market.yandex.ru","ym_offer_type":"ym:s:UTMCampaign","ga_source_type":"source","ga_source_value":"market.yandex.ru","ga_offer_type":"campaign"},"marginality":{"is_purchase_prices_enabled":true,"margin":null,"source_type":"CSV","source_csv_url":"C:\\\\Users\\\\efateeva\\\\Desktop\\\\PriceLabs_srn\\\\files\\\\double_purchaseprice.csv","is_marginality_strategy_enabled":false,"coeff_conversion":null,"coeff_phone":50,"coeff_marketing":100,"min_conversion_value":"10","min_conversion_days":7},"cpo":{"is_cpo_strategy_enabled":false,"period":7},"is_cloth":false,"working_time":{"days":{"1":true,"2":true,"3":true,"4":true,"5":true,"6":true,"7":true},"from":"00:00","to":"24:00","shop_off":"DEFAULT"},"is_show_min_price_in_model":false,"no_hide_strategies_message_date":"2017-10-29 20:23:05","export_analytics_format":"csv","export_analytics_detail_date":false,"export_analytics_detail_shop":false,"analytics_user_id":"203","run_commands_once":false}', null, 1, 1, 0.01, 0.01, 0, null, null, '2018-06-27 10:34:51', 'shard2');
INSERT INTO shop (id, user_id, ya_campaign_id, ya_shop_id, ya_region_id, custom_ya_region_id, status, name, domain, ya_state, ya_state_reasons, id_field, default_bid, default_cbid, schedule, balance_day_limit, is_balance_day_limit_reached, created_at, updated_at, settings, ya_content_api_key, is_token_valid, is_api_day_limit_reached, default_bid_book, default_cbid_book, is_cpa, default_fee, default_fee_book, last_activity, shard) VALUES (2341, 1223, 1000571344, 10268707, 213, null, 'ACTIVE', 'ТестоДизайн', 'ТестоДизайн', 2, '6,11', 'TITLE', 0.01, 0.01, '[]', 0, 0, '2018-07-06 15:30:40', '2019-04-15 10:19:08', '{"allowed_delete_shop":false,"run_commands_once":false,"activate_command_id":95269702,"is_minimal_bids":false,"activate_command_error":null,"stat_orders":{"ya_metrika_counter_list":{"49917667":"boardtest.ru (boardtest, 49917667)","50331916":"sertest2.ru (sertest3, 50331916)"},"ga_profile_id":null,"type":"GA","is_enabled":false,"ga_additional_filter":null,"access_type":"standard","ya_metrika_counter_id":49917667,"ya_metrika_additional_filter":null,"ym_source_type":"ym:s:UTMSource","ym_source_value":"market.yandex.ru","ym_offer_type":"ym:s:UTMCampaign","ga_source_type":"source","ga_source_value":"market.yandex.ru","ga_offer_type":"campaign"},"marginality":{"is_purchase_prices_enabled":true,"margin":null,"source_type":"CSV","source_csv_url":"https://dev.pricelabs.yandex.ru/uploads/purchase_test.csv","is_marginality_strategy_enabled":false,"coeff_conversion":null,"coeff_phone":50,"coeff_marketing":100,"min_conversion_value":"10","min_conversion_days":7},"analytics_user_id":"541","cpo":{"is_cpo_strategy_enabled":false,"period":7},"is_cloth":false,"working_time":{"days":{"1":true,"2":true,"3":true,"4":true,"5":true,"6":true,"7":true},"from":"00:00","to":"21:00","shop_off":"DEFAULT"},"is_show_min_price_in_model":false,"last_yandex_api_403_error":"Access denied. Code: 403"}', null, 1, 0, 0.01, 0.01, 0, null, null, '2019-07-02 17:56:42', 'shard5');
INSERT INTO shop (id, user_id, ya_campaign_id, ya_shop_id, ya_region_id, custom_ya_region_id, status, name, domain, ya_state, ya_state_reasons, id_field, default_bid, default_cbid, schedule, balance_day_limit, is_balance_day_limit_reached, created_at, updated_at, settings, ya_content_api_key, is_token_valid, is_api_day_limit_reached, default_bid_book, default_cbid_book, is_cpa, default_fee, default_fee_book, last_activity, shard) VALUES (2357, 557, 1000574182, 10271240, 213, null, 'ACTIVE', 'test.shop.shutdown', 'test.shop.shutdown', 1, '11', 'TITLE', 0.01, 0.01, '{"shop:loop":{"frequency":14}}', 0, 0, '2018-08-17 12:23:10', '2019-08-07 15:30:31', '{"is_pl2":true,"allowed_delete_shop":false,"run_commands_once":false,"is_minimal_bids":false,"activate_command_id":113789502,"activate_command_error":null,"last_yandex_api_403_error":"Access denied. Code: 403","stat_orders":{"ya_metrika_counter_list":{"49991233":"one.shop.to.test.ru (test, 49991233)"},"ga_profile_id":null,"type":"GA","is_enabled":false,"ga_additional_filter":null,"access_type":"standard","ya_metrika_counter_id":49991233,"ya_metrika_additional_filter":null,"ym_source_type":"ym:s:UTMSource","ym_source_value":"market.yandex.ru","ym_offer_type":"ym:s:UTMCampaign","ga_source_type":"source","ga_source_value":"market.yandex.ru","ga_offer_type":"campaign"},"marginality":{"is_purchase_prices_enabled":true,"margin":null,"source_type":"CSV","source_csv_url":"https://dev.pricelabs.yandex.ru/uploads/purchase_test.csv","is_marginality_strategy_enabled":false,"coeff_conversion":null,"coeff_phone":50,"coeff_marketing":100,"min_conversion_value":"10","min_conversion_days":7},"analytics_user_id":"557","cpo":{"is_cpo_strategy_enabled":false,"period":7},"is_cloth":false,"working_time":{"days":{"1":true,"2":true,"3":true,"4":true,"5":true,"6":true,"7":true},"from":"00:00","to":"24:00","shop_off":"DEFAULT"},"is_show_min_price_in_model":false}', null, 1, 0, 0.01, 0.01, 0, null, null, '2019-07-31 14:08:49', 'shard5');


INSERT INTO shop_feed (id, shop_id, ya_id, url, login, password, name, uploaded_at, expire_at, status, created_at, updated_at, has_offers_hide_on_market) VALUES (7, 4, 387877, 'https://svn.yandex.ru/market/market/trunk/testshops/PL_feed_csv.csv', 'marketdatabuild', '---', null, null, null, 'ACTIVE', '2015-06-05 11:09:45', '2017-06-27 20:09:31', 0);
INSERT INTO shop_feed (id, shop_id, ya_id, url, login, password, name, uploaded_at, expire_at, status, created_at, updated_at, has_offers_hide_on_market) VALUES (8, 4, 387919, 'https://svn.yandex.ru/market/market_tests/testshops/test_for_huge_shop_2.yml', 'marketdatabuild', '---', null, null, null, 'DELETED', '2015-06-05 11:09:45', '2017-12-21 10:47:05', 0);
INSERT INTO shop_feed (id, shop_id, ya_id, url, login, password, name, uploaded_at, expire_at, status, created_at, updated_at, has_offers_hide_on_market) VALUES (9, 4, 387918, 'https://dev.pricelabs.ru/yml/2-3-95ad20c9a794acbd8c9e565e88cdcf32.yml', 'marketdatabuild', '---', null, null, null, 'DELETED', '2015-06-05 11:09:45', '2017-12-21 10:47:05', 0);
INSERT INTO shop_feed (id, shop_id, ya_id, url, login, password, name, uploaded_at, expire_at, status, created_at, updated_at, has_offers_hide_on_market) VALUES (10, 4, 387920, 'https://svn.yandex.ru/market/market/trunk/testshops/PL_xls.xls', 'marketdatabuild', '---', null, null, null, 'DELETED', '2015-06-05 11:09:45', '2017-12-21 10:47:05', 0);
INSERT INTO shop_feed (id, shop_id, ya_id, url, login, password, name, uploaded_at, expire_at, status, created_at, updated_at, has_offers_hide_on_market) VALUES (11, 4, 387921, 'https://svn.yandex.ru/market/market_tests/testshops/test_for_huge_shop_4.xml.gz', 'marketdatabuild', '---', null, null, null, 'DELETED', '2015-06-05 11:09:45', '2015-08-11 15:10:08', 0);
INSERT INTO shop_feed (id, shop_id, ya_id, url, login, password, name, uploaded_at, expire_at, status, created_at, updated_at, has_offers_hide_on_market) VALUES (12, 4, 387917, 'https://svn.yandex.ru/market/market_tests/testshops/test_for_huge_shop_0.xml.zip', 'marketdatabuild', '---', null, null, null, 'ACTIVE', '2015-06-05 11:09:45', '2017-06-27 20:09:31', 0);
INSERT INTO shop_feed (id, shop_id, ya_id, url, login, password, name, uploaded_at, expire_at, status, created_at, updated_at, has_offers_hide_on_market) VALUES (46905, 4, 200343952, 'https://svn.yandex.ru/market/market/trunk/testshops/PL_xls.xls', 'marketdatabuild', '---', null, null, null, 'ACTIVE', '2017-12-21 10:47:05', '2017-12-21 10:47:05', 0);
INSERT INTO shop_feed (id, shop_id, ya_id, url, login, password, name, uploaded_at, expire_at, status, created_at, updated_at, has_offers_hide_on_market) VALUES (47005, 4, 200343954, 'https://svn.yandex.ru/market/market_tests/testshops/test_feed_wrong_offer_types.xml', 'marketdatabuild', '---', null, null, null, 'ACTIVE', '2017-12-21 10:47:05', '2017-12-21 10:47:05', 0);
INSERT INTO shop_feed (id, shop_id, ya_id, url, login, password, name, uploaded_at, expire_at, status, created_at, updated_at, has_offers_hide_on_market) VALUES (12103, 62, 199379, 'https://svn.yandex.ru/market/market/trunk/testshops/testForAuction3.xml', 'marketdatabuild', '---', null, null, null, 'ACTIVE', '2018-02-14 15:16:03', '2018-02-14 15:16:03', 0);
INSERT INTO shop_feed (id, shop_id, ya_id, url, login, password, name, uploaded_at, expire_at, status, created_at, updated_at, has_offers_hide_on_market) VALUES (6403, 1284, 200300521, 'https://svn.yandex.ru/market/market/trunk/testshops/PLdouble_shop1.xml', 'marketdatabuild', '---', null, null, null, 'ACTIVE', '2017-08-24 15:18:12', '2017-11-08 18:04:25', 0);
INSERT INTO shop_feed (id, shop_id, ya_id, url, login, password, name, uploaded_at, expire_at, status, created_at, updated_at, has_offers_hide_on_market) VALUES (49002, 2341, 200353036, 'https://svn.yandex.ru/market/market/trunk/testshops/testdontdelete.xml', 'marketdatabuild', '---', null, null, null, 'ACTIVE', '2018-07-06 15:31:04', '2019-04-15 10:19:19', 0);
INSERT INTO shop_feed (id, shop_id, ya_id, url, login, password, name, uploaded_at, expire_at, status, created_at, updated_at, has_offers_hide_on_market) VALUES (50402, 2357, 200360964, 'https://market-mbi-test.s3.mdst.yandex.net/upload-feed/435/upload-feed-1012435', 'marketdatabuild', '---', 'testdontdelete.xml', '2019-03-22 15:18:19', '2019-05-20 15:42:33', 'ACTIVE', '2018-08-17 12:24:05', '2019-08-07 15:39:31', 0);
