--liquibase formatted sql

--changeset anmalysh:CONTENTLAB-51-clean-movements-data-v1
delete from good_type;
delete from movement where id >= 1000000000;
delete from cart where id >= 1000000000;
delete from good where id >= 1000000000;

--changeset anmalysh:CONTENTLAB-52-clean-barcodes-data-v1
delete from ss_barcode where good_id >= 1000000000;

--changeset anmalysh:CONTENTLAB-51-create-good-types-v1
insert into good_type
    (id, display_name)
values
       (1000000000, 'Тип 1'),
       (1000000001, 'Тип 2'),
       (1000000002, 'Тип 3'),
       (1000000003, 'Тип 4');

--changeset anmalysh:CONTENTLAB-51-create-movements-v2
insert into movement
    (id, external_id, modified_date, created_date, direction, state, supplier_type)
values
       (2000000000, '1452', current_timestamp, current_timestamp, 'INCOMING', 'NEW', 'FIRST_PARTY'),
       (2000000001, '2321', current_timestamp, current_timestamp, 'INCOMING', 'SORTED_TO_CARTS', 'THIRD_PARTY'),
       (2000000002, '2342', current_timestamp, current_timestamp, 'INCOMING', 'PROCESSED', 'THIRD_PARTY'),
       (2000000003, '5555', current_timestamp, current_timestamp, 'OUTGOING', 'NEW', 'FIRST_PARTY');

--changeset anmalysh:CONTENTLAB-51-create-carts-v1
insert into cart
    (id, external_id, modified_date, created_date, good_type_id, state)
values
       (3000000000, 'Зеленая', current_timestamp, current_timestamp, 1000000000, 'DONE'),
       (3000000001, 'Синяя', current_timestamp, current_timestamp, 1000000001, 'ASSEMBLY'),
       (3000000002, 'Красная', current_timestamp, current_timestamp, 1000000002, 'PHOTO'),
       (3000000003, 'Фиолетовая', current_timestamp, current_timestamp, 1000000003, 'EDITOR'),
       (3000000004, 'Зеленая', current_timestamp, current_timestamp, 1000000000, 'OUT');

--changeset anmalysh:CONTENTLAB-51-create-goods-movement1-v4
insert into good
    (id, modified_date, modified_user_id, wh_barcode, supplier_id, supplier_sku_id, msku_id, msku_title, good_type_id, category_id, incoming_movement_id, outgoing_movement_id, cart_id, state, price)
values
       (5000000000, current_timestamp, 1, null, 10263774, '100126193635', 100126193635, 'Наушники Beats Solo2 Wireless глянцевый черный', 1000000000, 90555, 2000000000, null, null, 'NEW', 123456.78),
       (5000000001, current_timestamp, 1, null, 10263825, 'Lesha-test-3', 100126194089, 'Наушники Awei A885BL черный', 1000000000, 90555, 2000000000, null, null, 'NEW', 123456.78),
       (5000000002, current_timestamp, 1, null, 10263710, '100126193827', 100126193827, 'Наушники Philips SHB5850 фиолетовый', 1000000000, 90555, 2000000000, null, null, 'NEW', 123456.78),
       (5000000003, current_timestamp, 1, null, 10264970, 'checkouter-test-1', 100126194097, 'Наушники Sony MDR-1000X черный', 1000000000, 90555, 2000000000, null, null, 'NEW', 123456.78),
       (5000000004, current_timestamp, 1, null, 10263710, '100126194425', 100126194425, 'Наушники Beats Solo3 Wireless ультрафиолет', 1000000000, 90555, 2000000000, null, null, 'NEW', 123456.78),
       (5000000005, current_timestamp, 1, null, 10263710, '100131944766', 100131944766, 'Смартфон ASUS ZenFone Selfie ZD551KL 16GB белый', 1000000000, 91491, 2000000000, null, null, 'NEW', 123456.78),
       (5000000006, current_timestamp, 1, null, 10264538, '10122', 100131945205, 'Смартфон ASUS ZenFone 3 ZE520KL 32GB золотистый', 1000000000, 91491, 2000000000, null, null, 'NEW', 123456.78),
       (5000000007, current_timestamp, 1, null, 10264169, 'Vendor000002.100131945743', 100131945743, 'Смартфон Xiaomi Redmi 4A 32GB золотой', 1000000000, 91491, 2000000000, null, null, 'NEW', 123456.78),
       (5000000008, current_timestamp, 1, null, 10263710, '100131945606', 100131945606, 'Смартфон Samsung Galaxy A7 (2017) SM-A720F золотистый', 1000000000, 91491, 2000000000, null, null, 'NEW', 123456.78),
       (5000000009, current_timestamp, 1, null, 10263710, '100131945770', 100131945770, 'Смартфон Apple iPhone 6 32GB серебристый', 1000000000, 91491, 2000000000, null, null, 'NEW', 123456.78),
       (5000000010, current_timestamp, 1, null, 10263710, '100131944758', 100131944758, 'Смартфон LG G4 H818 черный', 1000000000, 91491, 2000000000, null, null, 'NEW', 123456.78);


--changeset anmalysh:CONTENTLAB-51-create-goods-movement2-v3
insert into good
    (id, modified_date, modified_user_id, wh_barcode, supplier_id, supplier_sku_id, msku_id, msku_title, good_type_id, category_id, incoming_movement_id, outgoing_movement_id, cart_id, state, price)
values
       (5000001000, current_timestamp, 1, '2867034161000', 10263774, '100126193635', 100126193635, 'Наушники Beats Solo2 Wireless глянцевый черный', 1000000001, 90555, 2000000001, null, 3000000001, 'SORTED_TO_CART', 123456.78),
       (5000001001, current_timestamp, 1, '2867034161001', 10263825, 'Lesha-test-3', 100126194089, 'Наушники Awei A885BL черный', 1000000001, 90555, 2000000001, null, 3000000001, 'SORTED_TO_CART', 123456.78),
       (5000001002, current_timestamp, 1, '2867034161002', 10263710, '100126193827', 100126193827, 'Наушники Philips SHB5850 фиолетовый', 1000000001, 90555, 2000000001, null, 3000000001, 'SORTED_TO_CART', 123456.78),
       (5000001003, current_timestamp, 1, '2867034161003', 10264970, 'checkouter-test-1', 100126194097, 'Наушники Sony MDR-1000X черный', 1000000001, 90555, 2000000001, null, 3000000001, 'SORTED_TO_CART', 123456.78),
       (5000001004, current_timestamp, 1, '2867034161004', 10263710, '100126194425', 100126194425, 'Наушники Beats Solo3 Wireless ультрафиолет', 1000000002, 90555, 2000000001, null, 3000000002, 'PHOTO', 123456.78),
       (5000001005, current_timestamp, 1, '2867034161005', 10263710, '100131944766', 100131944766, 'Смартфон ASUS ZenFone Selfie ZD551KL 16GB белый', 1000000002, 91491, 2000000001, null, 3000000002, 'PHOTO', 123456.78),
       (5000001006, current_timestamp, 1, '2867034161006', 10264538, '10122', 100131945205, 'Смартфон ASUS ZenFone 3 ZE520KL 32GB золотистый', 1000000003, 91491, 2000000001, null, 3000000003, 'PHOTOGRAPHED', 123456.78),
       (5000001007, current_timestamp, 1, '2867034161007', 10264169, 'Vendor000002.100131945743', 100131945743, 'Смартфон Xiaomi Redmi 4A 32GB золотой', 1000000003, 91491, 2000000001, null, 3000000003, 'PHOTOGRAPHED', 123456.78),
       (5000001008, current_timestamp, 1, '2867034161008', 10263710, '100131945606', 100131945606, 'Смартфон Samsung Galaxy A7 (2017) SM-A720F золотистый', 1000000003, 91491, 2000000001, null, 3000000003, 'PHOTO_EDITED', 123456.78),
       (5000001009, current_timestamp, 1, '2867034161009', 10263710, '100131945770', 100131945770, 'Смартфон Apple iPhone 6 32GB серебристый', 1000000003, 91491, 2000000001, null, 3000000003, 'PHOTO_EDITED', 123456.78),
       (5000001010, current_timestamp, 1, '2867034161010', 10263710, '100131944758', 100131944758, 'Смартфон LG G4 H818 черный', 1000000003, 91491, 2000000001, null, 3000000003, 'EDITED', 123456.78);

--changeset anmalysh:CONTENTLAB-51-create-goods-movements34-v3
insert into good
    (id, modified_date, modified_user_id, wh_barcode, supplier_id, supplier_sku_id, msku_id, msku_title, good_type_id, category_id, incoming_movement_id, outgoing_movement_id, cart_id, state, price)
values
       (5000002000, current_timestamp, 1, '2867034162000', 10263774, '100126193635', 100126193635, 'Наушники Beats Solo2 Wireless глянцевый черный', 1000000001, 90555, 2000000002, 2000000003, null, 'OUT', 123456.78),
       (5000002001, current_timestamp, 1, '2867034162001', 10263825, 'Lesha-test-3', 100126194089, 'Наушники Awei A885BL черный', 1000000001, 90555, 2000000002, 2000000003, null, 'OUT', 123456.78),
       (5000002002, current_timestamp, 1, '2867034162002', 10263710, '100126193827', 100126193827, 'Наушники Philips SHB5850 фиолетовый', 1000000001, 90555, 2000000002, 2000000003, null, 'OUT', 123456.78),
       (5000002003, current_timestamp, 1, '2867034162003', 10264970, 'checkouter-test-1', 100126194097, 'Наушники Sony MDR-1000X черный', 1000000001, 90555, 2000000002, 2000000003, null, 'OUT', 123456.78),
       (5000002004, current_timestamp, 1, '2867034162004', 10263710, '100126194425', 100126194425, 'Наушники Beats Solo3 Wireless ультрафиолет', 1000000002, 90555, 2000000002, 2000000003, null, 'OUT', 123456.78),
       (5000002005, current_timestamp, 1, '2867034162005', 10263710, '100131944766', 100131944766, 'Смартфон ASUS ZenFone Selfie ZD551KL 16GB белый', 1000000002, 91491, 2000000002, null, null, 'PREPARED_TO_OUT', 123456.78),
       (5000002006, current_timestamp, 1, '2867034161006', 10264538, '10122', 100131945205, 'Смартфон ASUS ZenFone 3 ZE520KL 32GB золотистый', 1000000003, 91491, 2000000002, null, null, 'PREPARED_TO_OUT', 123456.78),
       (5000002007, current_timestamp, 1, '2867034162007', 10264169, 'Vendor000002.100131945743', 100131945743, 'Смартфон Xiaomi Redmi 4A 32GB золотой', 1000000003, 91491, 2000000002, null, null, 'PREPARED_TO_OUT', 123456.78),
       (5000002008, current_timestamp, 1, '2867034162008', 10263710, '100131945606', 100131945606, 'Смартфон Samsung Galaxy A7 (2017) SM-A720F золотистый', 1000000003, 91491, 2000000002, null, null, 'PREPARED_TO_OUT', 123456.78),
       (5000002009, current_timestamp, 1, '2867034162009', 10263710, '100131945770', 100131945770, 'Смартфон Apple iPhone 6 32GB серебристый', 1000000003, 91491, 2000000002, null, null, 'NOT_RECEIVED', 123456.78),
       (5000002010, current_timestamp, 1, '2867034162010', 10263710, '100131944758', 100131944758, 'Смартфон LG G4 H818 черный', 1000000003, 91491, 2000000002, null, null, 'LOST', 123456.78);

--changeset anmalysh:CONTENTLAB-51-create-update-category-v1
insert into
category (id, name, modified_date, good_type_id, min_raw_photos, min_processed_photos)
values
       (91491, 'Мобильные телефоны', current_timestamp, 1000000000, 1, 1),
       (90555, 'Наушники и Bluetooth гарнитуры', current_timestamp, 1000000001, 1, 1)
on conflict (id) do update
  set min_raw_photos = 1,
    min_processed_photos = 1;

--changeset anmalysh:CONTENTLAB-52-create-ss-barcodes-v3
insert into ss_barcode
    (good_id, barcode)
values
       (5000000000, '2867034160000'),
       (5000000000, '2867034260000'),
       (5000000000, '2867034360000'),
       (5000000001, '2867034160001'),
       (5000000001, '2867034260001'),
       (5000000001, '2867034360001'),
       (5000000002, '2867034160002'),
       (5000000002, '2867034260002'),
       (5000000002, '2867034360002'),
       (5000000003, '2867034160003'),
       (5000000003, '2867034260003'),
       (5000000003, '2867034360003'),
       (5000000004, '2867034160004'),
       (5000000004, '2867034260004'),
       (5000000004, '2867034360004'),
       (5000000005, '2867034160005'),
       (5000000005, '2867034260005'),
       (5000000005, '2867034360005'),
       (5000000006, '2867034160006'),
       (5000000007, '2867034160007'),
       (5000000008, '2867034160008'),
       (5000000009, '2867034160009'),
       (5000000010, '2867034160010');

--changeset pochemuto:CONTENTLAB-48-movement-states-v1
insert into movement_state_history (modified_date, movement_id, state)
select modified_date, id, state
from movement
on conflict do nothing;

--changeset pochemuto:CONTENTLAB-48-good-states-v1

insert into good_state_history (modified_date, modified_user_id, good_id, state)
select modified_date, modified_user_id, id, state
from good
on conflict do nothing;

--changeset anmalysh:CONTENTLAB-58-add-category-good-types
insert into category_good_type (category_id, good_type) values
(91491, 1000000000),
(90555, 1000000001),
(90401, 1000000002)
on conflict do nothing;

update content_lab.category set photo_instruction = decode('JVBERi0xLjUKJeLjz9MKNSAwIG9iago8PC9GaWx0ZXIvRmxhdGVEZWNvZGUvTGVuZ3RoIDM2NTg+PnN0cmVhbQp4nM2dz28ctxXHd4c56WIbMITUNoIVDCuKIY+GQ3JmJ7WDuEhbwOihPxQ4cGQbSAzFMWwYEZoUOSQ6B+3B5/4VuTSHFEEQFGj/gf4Ztn5Y9r2PP2a4Ky35+Ga3dSFY5u7O8JFfvnkfzvAt9dnSLzaXRDUaF9Vo897SLzeXfrdUjm7od/mogB/9eyzL0eajpY1f8RHno83tpbW3Nh/oY/0hxejjR5MnlbzJx3xUj8tc2XNLd25hjtj5ZGktezu7lz0csOzT7EH2UXY3285uDU7Dq7vw+m52J7uVfZZ9BJ//JrufbW3BywdwAMv+PFjW9ovRJzPa8OFt+P+e6UO4dUpWOa9HdVnnSk53zTeP7bGn7Bl7wU6zD+a0Vxajmhe5tjDbVvYD22CX2Trb2man2Hl4scwusmvsJnT3B/0zYOx+9m+2ys7CJyvsCrz/vT54HV4sw+Gfzt/CaixiLfyRba1Bmzgba7uvpIEqIqHIJTjan+CNzY+XPlzL/q6NXwHD0Orr7G3Q9MJbVwSXeSHXoK3w4QrbmHznij7SnKCH4CI0enXqhLXJV6baS+z9yffG5t3Jd05NvuBgEKo+p3+twg9n704dy66yhi1PvnXWCs0n3/u6fXdre/Jt7TrnocmXpt/P/qHbecqOgyntTn462+mm612Gz5et0YvT/QVLtzdvmDEtOuUnh0tUeTXWwxUcpJk+dbJfqzCCF6fH6qJpFGhohnY51Oer002+rD86a07+mT7g+LnT/R1P1zurse+ymzNEQFxcH3XDifL7X7efybqCgKQgXD5aUmLsyg+X/pB2fci6wOJZ6iUYaJ+ou/ZZY7T2CaBBWcXad3/OECEhPtQlpsLRvFbGdV5hRmwQBDfZ2gF/uj5v7Kvzcjyq+Dgva2tSjJppi+C734WthMYUIK1GFdQNQ1q5oh7R0PH6qi7HxgWgqKrKeUC0flXVbf26GDteVl39UPT1p6kkilyCSiovRKsSL49RbCo40AWTygumZIJix3rU1IhixoBqvAFdjp8gvQUoexNp3lyVOY+7FmACvPjnEIMdFuEH9Ouc2lfV5BC3qsJ462TYX2NVe55F7DUIy8fPrkVe6u5WuTh28jrEXGjBQ+DjRmwqFpZIdKOmSpEyasdFRT3d2rCubm1gvg5HdTZ0mejtqpTG22MD950l1o52eB0hLsEoaPlPiK9kmVd89tD1FF2VpRe9VgmihwWJ23CiGxuo6LXyNmpFFZ0XVS6bkRrHIvGdwdVBBGUJVz43d03ola/jyYxgGTdgxHIGELHgqM6CKRPjcVVop4qKZafp52xEXtWzsXZy3U5at3tQbcx9EC1UgpThniI2LNqKFNeDo/x4FWTXk3BtViWi5tQFz94HLfuGzELmRA4Fu4fYsBIqmSKh4dussJwkoTDTQ6V4DlNtN3M7piB71nMSRZjkmJlT3U2ipEyaREnV1S8RXauufl3s6k/SaGzu2RCN2FPzZGSPPYffL9k+/L/PDvuGPEJECnUtbkAqbwDRzl78tQ8ENPU4TL7qJi6fDXkcrkwd71bY+QEbnBm+McyGfx0+gfKd4VfDx8Ov2B6U/zi8PfwLfPYY/j3Rn7LTcHlfhzP1hEo/MrhgHjzom9ZV/ap3sCQEsrBGiA2pvA3Mh00EqX00oY2D1HdM/4VLvUfICnYEsSGVt4GJZUJh7cMiUSyYt3OFXvN7cI0fsEO41j9gR+xF32k4ZYoc7hhiQypvAxHPzjRrP+tMEC91ClxPTE67hlBQVTaRIdnri6p0lBg+qQ5VZrqNowpUbOuHIhbPXf262NVPQVVUo+OoOoBXL9jLvqgikCTUtbgBI50zgGhnQ6/yYZimXinMw9iofLNQ9drwJ4DRbV0CJV+ww8GZwTsLghABEOHeIzascxYqxTtNvFY+dtMUbiEUd9DeEKIAItgRxIYVS8kUsUx8Vj5WE8VyEEKu5kVBiACIcMcQG0Y8ZwMRz4JHeQgliEeBkOyed7iGUCAEN57hIdnvC6F0SBjyiA5CRZEEoYJ39UMRi9Sufl3s6qdAKKrRyfulF1COrEMsjBGhrsUNGOmcAUQ7G3qFD8M09Uo+RuWbBaGbw1twZ/QY/n1j75kG64MzEBYAR+wpwEjCkeZJyHL7MGkeLBGQEdYDsWHdtVAp/moiuPDRnKZ5i6W4y/bGEgUZwY4gNqxYSqaIZSK28NGbKJbDEnJ9LwpLBGSEO4bYMOI5G4h4FkXCYylBPAqWbHdr3xACluRYRYbkoC+W0rFhWMRbLMl6nIIlWTdt/bqIxW5XPxR9/QQsxTWadW/0sj+WCNQIdS1qwEpnDWDa2dDLuzBMVK8sVV7F1ZtFJf3k7ovhv6D03uD1wS224yR+OvhyQTdIBEqEJYjbcB5aqBQXNUGbdwGcKLMjEeKlvUlEoUSwI3EbTiwlU8QyQZp3AZsqliURdkkvikQESoQ7FrdhxbM2MPEsfXhHohTxKCSy3a19QygkqkRkSHosi1BJYfDTdCRSSVk5UnULVrqIhOu2fl1UpEU3R6KoRidJdADlvgtKFFCEuhY3oPyKFaadDb2ND8M09UqYeMq4eqnrSfsz15O4yeLdsEmgk7dNfRlF4UdYHMSG8qtVqPOacN740E4bgJZRcf/tyygSP4IdQWwov1qFimXCd+NDOVEsxyjkYl8Qoyj8CHcMsaH8ahUmnuVS4xmVIB6BUa67tW8IhVEytrj3vC+j0hliwNQlPUiRlPQgRbdSpYtYIFddZoCvn8KoqEYto/Y7Qh2BA/dQjoyQUNfiBoRfqsK0s6HXL+gT1eONzKs6Ll/2k/lqAmBmAygDjFnVC0iDO4P78I8NdoFHXwxWzf3TG4ZZmlFba4Ar/XJ38DqEi0P2bHDVrDU9Y88Hbw7O6O8g7Jg0/DnuqSgsCQuF2BB+YQt1ZBPafcIAcTBaXsV9uTevKCwJdgSxIfzCFiqWCeU+QYAqluMVcuEvilcEloQ7htgQfmELE88yymc+pIhH4ZVqMx/ahlB4xWPrgD2eUVF5YiDVZT5InpT5IHm3qKWLWFAXXXqAr5/Cq6hGx3l1aL7O2PueioCTUNfiBrhf1cK0s6HXr/0T1eON+Z5jVD4ar8y91e7gghXZQWqf7TlInbM3VfBrA26wdAL+PLwisCQsFGKD+xUv1JFNaPe5BcTBaHkV9+XevKKwJNgRxAb3K16oWCaU+1wCqliOV8iFvyheEVgS7hhig/sVL0w8yyifJJEiHoVXok2SaBtC4JVoYguEPYaAyhMDqS5JQjRJSRKi6Va7dBEL6rzLJPD1E3gV1+gkr47gd4/0EjJOQl2LGrDSWQOYdjb0+qQAonoll3ldx+Wbyasv4fYpA0Z9btL1bgGzztkyOwCWhQgFv/rDiQCOsCpxG85pC5XitSaO+wwDovIOTojj9oYTBRzBjsRtOLGUTBHLxG2fUUAVy8IJu8oXBScCOMIdi9uw4lkbmHgWSD5VIkU8Cpx4myrRNoQCpzq2ZtgjGZoKD0OkLlVCVEmpEqLqFsB0EYngbf26WPVIlYhrdBJOz+F134d/FHaEuhY3UPkVMEw7G3p9ngBRvRLicAFwgtBckuB0B9D0+fDJ8G9wC/VbeP0mvH4M//5pEiheY0dmsxO7Bc8R2zVJfu+xHf2JuclaPf4d5rLmudDOXrgvSE6M30LvwCgACquL2Kj8Khrq/YYHPnmBOIIt5OIXQF/IkQAU7Ahio/KraKhYJv77ZAWqWA5ySLRYEOQoAAp3DLFR+VU0TDwLNp+FkSIeAXKuu7VvSFoIGusvsgiFZBj0xVw6hgzbujwMIZPyMITs1tB0EWNB1SUr+PopmMNUOnEPdtRHOTKFQl2LG5B+EQ3TzgZfn2pAVK8sxlq3qHyznxkOv4Gfx/opIdx56bz19pnh86k7sCtu4ymzX9D8iCLgI6wMYkP6hTPUc00097kLRPVbRMWdtzeiKPgIdgSxIf3CGSqWid4+V4EqlkMUcqUvClEEfIQ7htiQfuEME89iySdhpIhHQVTVJmG0DaEgSsTXGfvuPUFAiOFSl4YhyqQ0DFF2y2a6iMVx2eUq+PopiEJUOpmGcdjPfYkECXUtbqD062aYdjb4+uwConqlqHIu4/LNRNQ7gCC4/2IH8HudvdBbni4mXZ1CiHDnERulXw5DndMEbJ+RQBS4pVDcP3tTiEKIYEcQG6VfDkPFMgHaZyBQxXIUQi7mRVGIQIhwxxAbpV8Ow8Sz5PGpFSniUSgk29SKtiFpTwPrcS7gP150Y3JyC6lv7RLAaf3rZl8gES5Kg6Eu0UIUaUQqJgwUCVd96dd1vYn5x6IsvWPUKb21zuDXMPH+OhvFhA2kw84v8nY5M6XDU2FO5o2Ke0m/yUqPIBQcO8RGMWED8w8TA/zSNVWuqtIbnWNy7ZtvJz+FgHcAoa7njIUahsJdQ2wUEzYwbwt6dJJ8qs6FGHFeR7YeZ1+bW+MVs0n1ObNR9VW7Pbb+Zre9b57YXPS82zda7+Lc7efd7m59YtdSDtcXNKAQx/eqDuzJfp3tzrWNspBg0m2hWzeufEKuwLlF3Z2sVBk6ORj/RfGKxRay0MsEM9X+Fs6/bJ/Tr06o/RDmrCv62f22sbDSwslsye7267Yboq/Z0nzDo/frdbNQJWwxWd+6GCkVl9ZtQH7ZPOK5NmdbeSXbxpY1JzbWfD8Uae263UO/gdbKdgP5FYrGQePQ8ppHjcPNyEJ/5r1sedNqLcuKqLVU6tVpLaT437ql3ii+3VBNSqpUepf5/1PPCCs84rVM/usedg/t8+z6ib+voJc8Q38JZDc2G0/kjio8d9TM/IQId9zJhjuzTw7qo0+vo39cJCJQ9wcgjDozKUFRJ9jIalQ2sSZ+n/04r4mCL8jGfwAgEg/cCmVuZHN0cmVhbQplbmRvYmoKMSAwIG9iago8PC9UYWJzL1MvR3JvdXA8PC9TL1RyYW5zcGFyZW5jeS9UeXBlL0dyb3VwL0NTL0RldmljZVJHQj4+L0NvbnRlbnRzIDUgMCBSL1R5cGUvUGFnZS9SZXNvdXJjZXM8PC9Db2xvclNwYWNlPDwvQ1MvRGV2aWNlUkdCPj4vUHJvY1NldCBbL1BERiAvVGV4dCAvSW1hZ2VCIC9JbWFnZUMgL0ltYWdlSV0vRm9udDw8L0YxIDIgMCBSL0YyIDMgMCBSL0YzIDQgMCBSPj4+Pi9QYXJlbnQgNiAwIFIvTWVkaWFCb3hbMCAwIDU5NSA4NDJdPj4KZW5kb2JqCjcgMCBvYmoKWzEgMCBSL1hZWiAwIDg1MyAwXQplbmRvYmoKOCAwIG9iago8PC9MZW5ndGgxIDQ0OTM2L0ZpbHRlci9GbGF0ZURlY29kZS9MZW5ndGggMjI3OTE+PnN0cmVhbQp4nOy9B3hc1bUovPep03vvRTMjaUYa9S7NqFkaFduSXCTbsiVXbFwxxsYYMD0YCAEMiQk9CS2AJVcZJ8HkOSGEwCW5lOQmEHi5N3EITkIuIRRr9K99zpnRSDYJ+e/7/u99/5eR1+xyyuy19up7n2OEEUJytBfRSLfqskt9B+86/gn03IcQq1i7dd2mjz7qVUH9cTjJsW7j5WtbI4rfIaQ5jdBQyUVrRle/86M5Ewit+xCuqboIOtTPKBsQuigG7byLNl26q2jNO2egPR8h/fUbt6waRS/VwrHLX4P2lzaN7tpq2RG6B6FblsH5vq2XrNmK3vvtO9DeA5crEeIfQCh9F8r9zEcb0HYY7150I7oN3YWeQ79EK9F1UDuAHkKPoifQGHoevYjeRP8HP+nL2U1IRR9HHDIiNPXp1Nn0owATrCan5y5oGRnfdM+UbuqPs/r+mL5rSpee4AxIIVyrpn4Gvf+NJ6c+pRKkPVVF2tRNUNcKV3zAP5A+mH5sFg360BK0FC1Dw2gEjQL+q9FFaD1Q5mK0EW1Cm4XWZji2Dr7XQmsFnLUKziL16bO2oK0Al6BL0Q50Gfxthfp2qUWObRPaO9BO+NuFLke70RVoD7pS+t4p9OyBI7uF9i6Aq9DVMDPXoGuFWqYUe65D16MbYNZuQl9CN//d1s3Z2j50C7oV5vnL6PbPrd82o/UV+LsD3Qn8sB/dje5BXwO++Drw88zerwr996IH0IPAM+TY3dDzoFAjR7+DfoiOomfQQXRMoOUqoJpIkQxd1go03Ao02AMYXpczYpF+O7PUugpwJ7jtkzDdBf3X5lxxmURHcuZ1cKZ4F3EeyF2unEWJrwAOYn0aI7F1t4D/dG8uVf5eb4Ye9+VQ5utCi9Rm935e/R50P0jgw/BNqEpqj0BdrD0o1HP7H8ie+5DQ/gb6JvoWzMVjQi1Tij2PQv0x9DjI9pPo2+gp+Juu59bE8hn0tDBzY2gcHUKH0RGYyWPoOJoQ+v/esQv1H5b6D2V7TqBn0UngkO+hU6Bpvg9/mZ7vQt9zUu9poU9sfx/9L2iTs8TWD9ELoKF+jF5CP0H/hn4ArVeE7x9B61X0M/Tv6E2shtpP0e/hexIAJTtWr1g+vGzpkqHBhQsG+vvmz5vb29PdlersmNPe1trSnEw0NTbU19XWVFdVxouLYvnhUF4w4LWZ9DqtWqmQy3iOZWgKo1h7cM6Ibyw8MsaEg52dRaQdHIWO0ZyOkTEfdM2Zec6Yb0Q4zTfzzCScuXbWmUnxzGT2TKzzNaCGopivPegbe7kt6JvAS/oGoX5bW3DIN3ZWqPcKdSYsNNTQ8PvhCl+77aI23xge8bWPzbnson3tI21wv3GlojXYukZRFEPjCiVUlVAbyw9uHcf5TVioUPntdeMUkqnJz47RofbR1WPz+wbb25x+/5DQh1qFe41xrWO8cC/fejJmdItvPHZq360TOrRyJKpaHVw9umxwjB6Fi/bR7fv23TSmj44VBNvGCnb/pw1QXjMWC7a1j0WDcLPu/uwP4DE2pAv69v0VweCDZ9+f2TMq9XAh3V8RqRIUs2SC45k6grHBCAE/v5+M5ZaJJFoJjbG9fYNi24dWOg+hZDw6NEaNkCOnMkfMC8mRvZkj2ctHgn4yVe0j0r/LLrKN7V3pK4oB9YV/IfgHx31jdHhk5aqLSDm6Zl+wrU2k24LBsWQbVJKjEq7t4yVxOH90BJBYT8jQNzgWD24dMwVbxBOgw0fmYP3AoHCJdNmYqXUMjaySrhqLt7eRcfna9420iQMk9wr2DZ5A5VPvjFf4nIfLUQUaIuMYs7TCpITb9w2uXjvmHXGuBv5c6xt0+seSQ0C+oeDgmiEyS0HdWME78HN+4ReFqwC3WWdnTiaY8yGZb5By0kNktqDDNwe+gi0NcEAH0yU0yYy2NPgGsRNlToNfkc4gtRn3gQYdau0kh2hyaWun0z/kFz9/Z0hOaUxsaEyWcy8ddGTHJP7O5w5NPJsMqMDXvqYtZ4AzbspKA5TuduFxUoQW0g/DFTIynZ2ZQ3QIJBf6KLiN0EVm0eYbQ/N9g8E1waEg8FBy/iDBjdBamN/ugWB335JBYbYlLlkwoyUerxFbY8gPhzMNqhV4cE7UmZlWod0htLPNzlmHU5nDvn2yYPfAPnLzoHRD5AMJAqS5cGr0lhpDBYjmHNBuwTmjQZ/ON2ff6MTU3pX7xpPJfVvbRy6qI/cIplbvCw4MNjiFsfYPXuncTX7KgLpx94KWohjonpbxIP5S33gSf2lgyeAJHfi4X1oweIjCVOtIy9B4HhwbPOED5S70UqSXdJKGjzTInfqhIRPOd55IIrRXOMoIHUJ71QRGQp8s04fRqglK7NNl+ijoY8S+pNBHPjBJtouAxKBu232ryfTsGbpo38gQES5kgamEf3gMB5vQGBVsGscUpxpTBNe0jCmDLaQ/QfoTYj9H+nlgDGzBQByik/aNBEFPAUMNIicWWZEmt/RNTE0tGPS/7Dw75AdWWwawZHBMHgXdz4a64LwOAiPQ3TG2d9UoGQdaOEiu5UOpVUPAtpkbwimpMTncQS7dAc6YI1xD2BEuWgVzAxMoXL8XGmN7h8aGouRHB9cPCeysG0OdwTqYdvGebJj8UHxonyFYJsgmiIIidBMp5DA2NDAo9jihCT82JBKJV8HIVwXh0KoRH1CbQasGgNVFXapwij1rQCUy4TUCKJzSQUTQokNKtWJMXgw3hH+kriwmIsmG+KEhcfBC6ybpBPht3ZgSRhTOIaV0AVAHDqXIWODfTTBUcurz5DZ9E6g/uAs0Cxm0cCceDo+pQ6lRUP7i9UroCdZkLpYRHaGU7nFa7OUJ5iqgOx1aMDH1WPByf86nKBYkxoEwJnKeAMZGQ/tmd4wtjRbFZLN71UL3vn0y9YUvEOklU2dL0ulrB6sBJ7IQoW2nfwYRFY14VIt60Vy09DtIjfuRBdXho0fNbW2yIv57uBUEwYcXIBnCuDWpZSj1cYcjETxeyd1G61MTuOhIgr+NolBi8u3JV+KTb5811MbP4vhb7779ru6DV/S18fJ3X3u3tATr/XoBTBqK501cMFBMVUbCVeXlZU1UZUU4GNBQQl9FVXUTXV7moWhTpqeJIm1M/+zcEnreJEddFUwsKmc9Dq1JzbGUy2YoagjpBpaGGordPM1zNCvj86tbAt0b2wP/wevdZovbIJMZ3BazW89P/pLVfPoXVvNZK7Pxs/00V78skUd/TSGjGI6b8NjshfX+1CKtUccojTq9RcYb9Kr8tmWTN5pd5B4us1m812QvkCU49SlzFWtCARRG959AeVNnjqh0uCc4IVXCE1N/PqKEijJTUUAl6SC1kI58q4VvlfCdzMchcjimxL15wXDoQ5VSZQu4gwo1tjAqpNKpqIPB54L/FqSDqqDK4O43LGQXokQiYaitjceHh/XWWj1U9eW6s2X6cqB4dDgqfFA0GrJYOIHkEdpPa+hgIByuqsYina18kPYzO2RYF/J6Q0Y5s2XytxtohTHocoe0WIYPMWp7xOMrdGiYK/Cv8fcbLU4NQ/MqOa5PvyhXyxlW47Qwh5QaGU3LtMrbJq9AwFNPIcRg4C4PiqIa9KOkw2vT4V6vTku+1PBlU8GXD3D1TlDFyXyHOQnHzUk4bjYrY+TkGDk5Rk6OkZNj5OTYs1QZxPinjkIdhcuB0ofhTCj/fFgrlWqh/OiwSijPHFaSktIl1Q8pTykppSPyYWkpnzeB5Yd0fRUTWDnOL0CJswmBb2txfPhdgWhlr0XFCnRHo7ViHYhq0jBBfyBcqa+oKvcD9cyEnz00riimgkE9YWbjdJXB3pp5q7al0s9YCwqsOHzp/lVllmhzYeWy9vz0pKNmSdeh0639Vfa5oY6L+175tH6wNYy3N67rbyo0eyPMtRFvbMHu3uIFHTUGRWX/ZgrHeypd6eFg/bzJt+oGG7zpGld1P9iu0ak/MyrWA1K88rAL1UclqkQlqkD5PqEKlH8kVIlKVIl+jypHGmTDceRHYRw7ZBxgTuJCVIlKcPG4fBGI9GtnCeC4iL7ujdOlJSGThssRS84siSkRYLPJQxG8CVsxKoqVmZIrrkhd9dLtvQP3/PTqmg1L5jhlLM3IlDJN2bxt8xbdtrq6ctVXlvZu76vQ8gqOPq6zGTSmgohzwTc/uP/hcweXmX2FTo3RYTC5jPJIPNJ+4/N7rvju1c3heJjTe0ACCZfdDlxmQF60M+lO+LGRcI6RcI7RBDgbDYCw0QbYGk8SzkEOkTYOiTYOiWMcEsc4JNo4TlJ6JAfaqA5p+pwTODzOilySocVrGY4YJhptBkvwOQxw+6Jv/fnR9B+F6Q89fub+vqMVW5688eD4nicvqaXuffyzb/WLE734G2cOrD96fdc5fdPe5xHMKWBG7wHMYuiycUdEmtGINOqINOqINOqINOrIBKVPyuVGn9EHg3dMYFlSvTeMT4Xxq2EcDnP2CcBH3ReBYpzLcv3wtksArbigRnQS9wvzTJ3H6UG/flaV3sMo1LLJuwiG1FqZWsay8JXm8CEZqAZGDvW5FJapFUyHwWmQidjKDE6TwamXpTfIdS6jwaHj06UyvVPAe+pTegHgHUHLxnmjhLdRwtso4W2U8DZKeBsB76NqN/K4eUDtsNFo5yZw/uFAn50oSMkixU/ra7PY4fOQyVibDLr0AkCMTwP1eBi8UE/KTD6HLWCSAapzhN7TRhdg0cnrnGajUy+f/C9ezbMsfDHPECzdBKOlU39kdrE+lECPJN0ul9ZGONRGONRGdJtNoSI1wMJGZk+NnotgXyQZGYnQEa2Ev1bCXytJslaSZK2Ev3aCKjsSr8AVtgmsOBII1MabTmIF2HgFLjhUO2CawLHx+CIy3yDNepEckp57bXj4dFbRSXSZIc1V1XrCBUTaBWrpiQacln+G2cXIVLyqZvl1Sy5+8rJE++4n1jRcUZl+Ta9n5GAjvq60GBSGumUrV5fe8/43Fg0/cfYrXdeuaXcomOVGt1EWLg7P3fe9LXtOXd/mduPLA3lARplM5zKkjY6wO2BTDT/15/33fjo26ggWOAIifzDzwebG0cSRRCkOqiQSqSQSqSQWUUksopJIpCLEdVnzlIT6SkJ9JaG+klBfSfSDktgIK0qawbAkjeRLp8c9KAnHkXVi6tRhOEDKY3DMWtgPBiSW1J5S4VdVWDXTGoNAnU1gsBqvEbJKLDctWMOhLKvlcp2oNc3Ql6ky82Umv83hM8kmD0PNTjhPZgrY7H6TjOoVeBFqDqA+sJxKRjVNfj9TZ/4jU5v8lOIy9Yx8fQz0K0crk/pSwnYlBPs4qfkVEjEVEjEVEjEVEjEVEjEVhJgqc6Tfr9A5+3XTfkgiox4BT/gWMQ2HI/gCiEruh9nE8RhbLPTHvCngDMYsfDpvNrb4x5zO6nc4fEZebUgP4Ff0vIuoGk6noG6avDwrdNNYP08l5CqeYaFD7bBOTk3e6zBKWrUbsHegzhPILCJrlpA1S8iaJWTNErJmQPYIkmv7zRM4KqlNHH85o/9z9GR2Con66AbdJ588bS3IIvEqcZa6TU6jHLTgM5mhfvawXO+SZoaLguZrQE8ldSNNW5sodUmJNR5XFNtsjokvaLbIxHjySlUqBeFzBeFzBeFzBeFzBZlpxbNg2cCDStqJC5VX1ae0WdVxW2kx583v8y7MsHHCAO5kOSCa8YPAp9Rla/raxnh5OfEyc7g5iIlnCT4mDs7QpoKTicvJfAv04aIyk9du9RtlVLqcVprdJrPHpKTSHRh42m6DSY45L/KV5NnkeCeLb1Q6vGH7Jq3TqMqyOrPus/28gqcZcBrAjT+Q7X+0ME/lyHeeW0w/6im0K+VGt5nE8VNnmTOsHxnBquxJOkyENCZCGhNxEUzERTAR0pgmqPKk3IdKhLU9j0Rzj0Rzj6R8PZLy9Ug095wEN0qB7KBqtQNBwiPsopmuwnCO9zgjpBE8hRy/iTnTddfb++98/Za2rv1v77/9tdvaj0aWfm3r1q+tKAgv+eol2+5dnk/dc/+58RWLH/3ooQOfHlyx6Fv//cTm794yd8GtJ9ddcuqW3gW3f4d4RSDjLwAnuVAB2jWex0mIcBIinMQ8nMQ8nIQIR5jHqncT8rgJedw6lRr3uInf7QYLcwjpQ2BfDnOcCtBUHjb3qXLMq+gQ6WZa2OBss8rkOEf0C8mdT++6S27024l8FDqwubB3/aaegqP1i4djD3597ro5efRdo/dtbkgXZ2f4yfwAb00su3zxvA0VmslP8jtWIRFjRgkYV6E2dEfSoyvWV8tg1NUEi2oBi2qCVTWZ5WqY5eMFJNooSOgJKaCml0ijl0ijl0ijl0ijB9IcchXrwKM6tjWJk0lrI1DgqL/PKomL4EeR8OG86KFWUhFC8FVMn0cSi9VDS0GE1Wix4IpwJBzOuI9KzpTncfhNSmanuahpQf32DLHAnTSWNju6t8+NBFuW1foqivJNl2pk6cm2+fZE+R2Pt61q8YK4yMAD06lwacXiRHDyF1kignPC0uqaRVtam9fNqzNpog1zS9O/yXPTN/Sst/JcusdfPx80UsfUWXoVyE0K/e4EaoagVgtharNEomaJdEKpEkqBVM0TVCwZLUsaTbinLKmHWLYsr0zltJFrnUQVOXU68gWXOMl0OJ+lSok+OuwEdUTsrF0qTWJ5TEvMsKr4JI6ganBowkml3leNq5NKFe6B+TmVVJBatb5ab2kA7+9os5MtGLBM4AJJDmEKzuqJbxuNDuvO6girTttlg3hgloAyGQEVkxPF3OcEOxy9qnXnw8PNWxbXW5XgBsk05fO3ddUMt+aV9a/ffFF/ef36OxZEF/c2GDmGojklr4y3DddVza9wlA1s2LxhoBxfvPTLEBL6AraQ1+I28IH8oKd6fnn13PrS8qYF2+b1Xb2oSGv3GpV6m9EAMZAr6HaXtISq5jaUlTcObIM50oKsvwmcH0BrjtuSxJ/UE6odgRr6woJPTIIegmrC+ZyBuM5uSbbLwI/5QCDOD6K609Gs4zztwmTUmWD03hQc/v0Z+w01KSCgrxfCAcFf/uyBLCOulOldRqOYUiE28EnQ1JeDfY6iA0n3SBH2Ean1ESn2EdbxESvmI1zjI96aPtdbA05DFglhi4SwRULYIiFskRC2PEvpkEL06RSEheRwC0W4X9fvnOYbwYWTNHh0mkWG8fmujKS+p3uYy9v3Tuy4eOyqNjFkMMpiAztS3Tv6ogJp/EY5fvuyE3tbmi4/tpMOZshx7i9Lbhwqig1eu5i25vpsjeAZvANUaUDrDocbcNnE1MfJVsL0IZgeGankx3FIJ/SEcMBGKgUBbPORSlEpLirBRXm4KIir+wv7gyVKOtddtdYmEoAVfEjCSPoLZS05namFw1VVOZY8p2axcDx7HaNzFXi8UZeGSX9AfUprHAU+f8ylpdNPclgf9nnzjDyFgxibaLkp5HH5TXIaF1DYTXPGoNsT1GE2rNGTiFGvoX96Lp6pM9+2OjQMLdMoPzvN1Cm1oNFkWuVnP2TqFVBnNQ4roVAJSMFHQlRQknQXxHFBMQ7bcNiKIxacj3BBf1Cpd/frcxxV4ORh4TOdGsM4mxnLwTaLIqb/U80aCgK+PLOSSb+TfotVmfM8/rCWVePR9EEVrwPhDVsUHLZgE6swBtzeiJ5RpceaLA4tS8uUcoqenASvlGa1Dgs1QCUsTi1D8yAwLvyfMjX0a5yWyR8QfOrBT90PUl2AHOMB/QQOH3b2qSBsj4hpiDL4l+N5EvmrxjmSaDELFgVDjd4v+KGMw0crDGpq4eQhhYZQVqOgXnV6GYVeM/kMtUtv6DRCdO4LhtQWu9dMPwrRuMHkgnjdF9HZHR7TueUBYmeXgUVI0D+G6CGJxpI+bYu3Jd5CK+XWChWIVwWR0QoinhU6ou4rJvDfkhDKR7QIqxCRYlQnWYs6IolqqVSKpWBe6iYoWdKkt/4AVegqqPpTFRhBXFtR3Fw4gZ1J7asBHAgw7veKuxp/peplUDyTwxDC2uFty4czbtfp6PLhWimfUQZGeDl4qmSiw0AvbjqDVV4p+WBSDyPILy8qeAsJf+mEzuV0eDX1d/R1bO8rarr08fV7LKVzaxtHU6UqmUrO8M6WRWsrRr+0IPzN29pWt3iH5jdvabSpVOAnqZYk5oTmrG3u2doVmlMxv9LpDrplOrvW7nYE3cbYwqsWnLYWJQrmDLS0wawvAer66BdRJbp53CXYQJ1gA98hlEKEQsRlv0Ay6I8zk0BT74nJIUqZVMc1WGP/nTepUHd6IWaljhi76D+UEgshV3eWxiYwNy7vJZm+6FnhK5sYOJ1NA81K93GiAeRyk320j2J5e0P3YHz0njWVzdsODEX72iptco4yqLWRhoV1O6/2J4cbahcloiriuD+it+vV9pDbkLzi8I4bnttdr3MEbBqjzRDx+vP9x59ZfN1gNC8alBndhOtGgC73sZtQGNWiW5LeRD1WOmsJr9USe1BL/Ilawl21hPVqT2KyGy8uUi0uESsuESsu8V9cIlZ8glIkFUb/HGVtxMlogMnYQ7YuYFzmsKaX7SEmEPjLOh3YSnk/wlHToU8uQ4FDlzUDdDic695X0/fxepeJLCV0HFi66tbF+WUr71gx77okb/La7D6D/NHWK9sSg9V2c8WiZn9jck7EDmaAYcAM7Oxd1Hvd+MpLT17f0d5KKTMR72T7wOKGlXuSbdeuaTQUtpYSag0DtQ6AjEZRBXomWRivSlRtqaKNPpI385EkmtEfI95XjFBLTK8L0gq88MnRtug3oxRJHB8lieMKRmI+RuIxoa0USlFcGUI/vz/2wl7mKwx1isGvMphhXPFfhbts741otmoojfw9l8Bgw7nZRlEs34qKzCbk2AXTygX9OWxlnsl8lDlSJRCUpw9E7JOHPHO29iVXp+IqXsnRFM0rqxZtS2557JK6hm0Prdpw90jRo/TlOxuXNQUoior4u3ctKjY7zLzGblAbtSql3WZs2j2x+9IT17S3bf/6oPHa/cU9a6qJ9g1NfUrdyO4Ce7v6kEVHBFAQPKfkTZBSQN4puRVOiZnAefjkUElhaGLq1aSBZI9CirNVHY7w2ZJOX4+uU4gTykhcGD1d/oEoY+WnZ+XczFJOJDdOCEr5t/JMzo26kWFlHG/2FDhDFT7Ni2BbWIP2RZnRZ4PwWXa1Tkec0auDnZu6gi15KhlYHKNVw8qVclt5X91KXu8w5vnO/UGmJNZUKaPNvjyjQ88PL79pUYFaqzI6yQpOZfou+mb6R6gJzUUr0KtJs6Gog0hZhwxQ7vDpjLinozwBvgghQUKSLyjfOUYOJfh5UE2qtQbcM8/JaEvocp4n3KMT6HUqqYZKUTnvdPLlRQyhcbKCEHmQ/MSgTweXDRaGkkooQ9oSnq7p+g/VwBmzeaSG/n1DZ6Gv5Rc1XUt/4ZsnJbETYlrzDSKrQN/ylwlxreDbE+9eD526l6PwL5r5IlQHGlssokcfjnCgzyxWKRbL8Fw1GIuKKuFblGwwqLginDUOZLEnHIloaKlF32zUXhN0lQ3vnVu9ymmwNlf9oXVrf3HFxY9u23RgZUznL/WVxstC3ryKZdf0FHR4sU6vT6fXDJd0xK1rlpZ2xq0DK/p+7yuwya+/rHtNk5O+NOjNWxyfu2sg5rYYij3BYkpB+RuH6pu2LiwNJYcq/E015XZ7T6xxJBwabundvaBILvOnP1i2zleTyh9a663unFxel6Bk9qKCfHNzq7ukifD3AfCWHmK3oTJ0+ZFEBS6cTqNLjJ2TX5fy7fjjpNUjJkuFtKmQMRXUhpIcU4h5Uk+hHUJk7nhRV94ce4+gPoXQGMMs5KQHZuhOvWB/Of4CGULRBTPTD8kMPqIfZbbiVEnTnjZoCmki3ih2d3wlteSKHr89w8+Utnd5W97gwslbMj1sjRALw9fkf3WnGtfePEo05Q1Tn+I+No7MyI9uPZ4IzgtuCdIWyTOZETMYhfKdWbGFGEucpLYhFzJ/XvJQIqkZyHRM4SXrm94J3HTErksJ9HnjbFTShpJlic4kjkQLIzG7hBmBC3HTbAIYY/V1UQJZEtDX8yLCPC6pKyyoBZBmHjfBzJtR8njCOs+6xUojaY6RNHIkjRxlRo5g5EcUujnCcKWxXnCM54/Lfj79pVGwr4KFmo/eSzoNJPMsrNCFhQgmIoQvW/vxnPNXecSMQ85q0HtZ7vR4LCQ35ykTM51CzlNIdwpMqgDNfHw+iRHnN52/aCbe9rzFtZP4YxARHeYOdXeB68Ql1c1dTXOKalJFPVnmJqFETqqvVsr76Gslhhd4HUWzufALM/znSYBZCkKkTDn7qigIRpkp1lZcu72dKHyr38hbYq3FtZdm5YIzuKwWt47vuT1VM9RWoivq6+7IW3xZyjstIcHaWRJyfg+E7Eo5TcuVsp0L5znizfmlbYVGEJ2ejAaBGSxD+5NacQbJl6RMZs/S56zZwaw5PUqdLqNThEWZnPUY/PFxSa0QpZJUFHUV2vNSGdITnZ/VK5m8o0TtL6BczP9IuWSJ+NXef6BcZhAKCDRCdAvx5d8GCpGc8+NJV6IA5xtwgR6H1TiswmEZDvO4UIiAL5BnfueCeWbianniCqzISWD7Ziawn6UUJJd2XIt6t8I02ScwPqTtCoLfP872SknpYYlk8Wxaejjz+Uf5afrtuu1PX7LlW5urarc/tR3K6mecTRvmpda3+Z2JDfM6N7T58H9tPnFjd8tVRy6BsgvKPalrV9ZWrLi2t+va0dqK5dcCbQ6k99OvA20KUSPaexSUir/qAitNovaZXnIiJsgcJQhHCcJRIaMYJWhHCWXkyKyoqvQzbAn48MfCXc6Ubl4tVCXEEwnRNchNUwtOfAbnyAV4RJS7DBV4vUW08q+Xr7pzeX5bczIvh1lMZqeBL+jp7StauW9x/jPm8kVJXxO48G27W5uGqh3495d957oOXaAimG7K6ELm98AzNMkMXF7YVGDuuf7gjvZrVjcYC1pL0/cODDas3iNpS+oxIeZedWRrJQ5rJRJNL/5KpNJKNNQSUhly0mKEZsgBFAwl5dGusNbsS5mJDAnKC8dPZ7JbueQQEf4cknDUYxQnl8ms7jyzvaSyLjhbaELNdbVutT/PrWJoTK+0ePRyuVxmKu6pnhw7X2yuq2qLaGmZQiHXCHsA+qbOUq8Axin0SlIV7050z+u+uvtgN5uTev5ISjkLEtNMQmXjrJS0kIrGv0p6xfyzkHkmykVKPxN3nUiQ81n8kbAcpiDpCVVSWCqGZhjul1AdVFGq4reqFX/Qz9eP6LfqaTHN/EuSY+6ynBFZK5tgltLLwyRhmJNenrbr/2x6mXqlfPm1c0sWt5dYFAxJH0cTi2oK28qckeT8hX3JSEH/Ff15nXUFZp6maV7ByQNVqXhhssCcn+xfOJCMYE37Rphvq92U5zU6dLzT5zQEq0LhinxvINq0qKFyNBVTGcw6ldai09t1vMVuMQZLXJHKfF+gsGEBmQv/1J+oTczTqA4tO1KA9MEiieZF0lwUSXNRJGmxIokriwgTqqzqorPBTrf6rLWzFGLqcV5UQi8TtiuXIumXT4tpBubCwc7MkMiSCQ2pTTKdr6DYOmd10n2V1kByzFdm3I7fkayMQfu76g5rnsskY+Uss9Qd0GnkXKh7+1xKI0Y7b/AqkghTQUWIh9KK4RVyhZzV2Aje+0nOgf4OWLg7k16wa8oI4aAI4aAIWVqKCH5FRCc4EPiTY6KkeSWqeCWqQPmxIJukcljY7CYJq1fiUXAGP0nKjUWpiJK1p8DNYKcTD7kL6lmWumDiYVYquqp6OgVxH29wm61uPdd7j2DIeJMYJFrjnSVNV7TzJi9IrkGetW87F85tWHfzSiqQkc7JD+etaA0NLqR2ZHoIfSrBh7se6NOO3j6BOkBgGoEpakhoWFCDq0kZKsZhPw77cNiLwx4cduOIC+czuIDGdfW4vg7XF+EG8pSLGffqJOealEkFEFDngzvotFI3KZMqotpIt7Y5JZxHkhkJ3TzdFt3VOkaXNFg6deWpUKruKzEcI8diRI51RkvnutjOGNUOvdYeOaHs68MgosOnE4mXo8NRIc0fjYsSigQrmLWHZAclJvsTpCQ4HeFz8uEZBrUardVGKSU+XWWvZ9j032i1Nd/jLbSr6O9S1EFa7SjweCPQSn/CMuC9WV0Bg4z+BUW9QMkNMBFeg4x6k8JvUHKj32Fz63n6Qd6kPfcE2VzJyDQK6ja5fHJ7pkUv1pp4uZKnaF4tn3TI5dRv5WpQBWQDhC3TomQKMl8F4LF1w3zF0Y0nUCkQRk+yX4STiwkP1xdjG3DkMZK7tWGrxK2WTJcFy8nW1EISF5BrGhCuCeIqJVb6iPtGZkWpLC0pSJE8e0qfddFqE3oDFpM7iBA2GhX+kY2pIYspsyWVvkDe3Wiczru3yowRrydoVjI/f5NRmgMud0iP5diW/psMGyM+d9CkYF5+lVHovU53yEDJ05/ENEYVS/NKHq9Jfx0KmlUZNfg4fkxjVDM0p+DT43geR3YQKE3a9HKgTwB8kj1AnzzUfwI5AddKslTsxAVObBOCExsOa6o0VESOHcRI1DmwvYYQzo69KbvCmFJ0M/NQtxQUkBUVwBILPDQc9dMiqtVGshcmXJFdSTEKaQWLiafKd3GlZQ6fnuL2yHV0+jmZLs/jCZjkLMb0x5w+4HPl6bn0UZ2eVZk0uJYxKOhlZpuGpWVa9WQx9YZRyYLmMkg7pC5jTeBbtRwr15rj2gqytelYoyUeLy4uJGv8Om9Nvzlu1Jaz9rx+e85CECgbsrmj/K13y4RyeumaLFZXBzV0RhRyNQ7Hl1dldxObmcvE1T+jjKIomdFiUU6+yqmMDhPoIF5u9luFvTA0pYvaqDibOTAduPZ5W50aH+j6c8cgeqXJJjLmF5lg9tyTzia3vSNId8OkgvJWytHUVGbnDMWhNiS1yR4xaMeEtrT/A9rdSNppw/SyGuRFec8hJaWHigq+bUiFo0edfZmlMRLVvfVuLg1m7xK0mJleCVv55PHM2nzQSUdcvixGzMhnD2XrB4PwIWOS9uzCmAzCGKV1XGivRiR+GID2D2CMZKWl7QSqo0qPhVBhoSupIDtTETJQCw65QkqyHyORYMk+5qPxGbsRhM0Ir71bBlVD7QwsxAyqNI8wrSBp1cV0dumIz3r85fQPCHZ2v1F+zdyBxqhpC6u0+B3ugJHjVBuMhSU1gYaRlmDV5scOYJUt/6lvrr2o2e1tWT/8xHS05PI1LqpMv6HSyRkW2gqnBxvL5jdG1drKeWub5t+0stob6fTX98Xj/U1BoIO0wkRxmEIkC4mg/Q67G5WiTvAHKw/b7SjxXcqF8vEnSIHKBMe/+v2iTo+pow2iHcnbf16YvPi7787Y1AgoctWhKmnTNqvh+VkOPmfKRDqYfqfpsic2bH54fZm1sK6xvnNpLW7WW1QMozDp0q8XtVXm5/utWt7f1b+0fPSOFfFv26uH2wpTc+bkY2fT2q7mte15517Cv9/27E1dHbe/eccV//atS9sKgg5FJY21AY/JBfJbxhsszsKmecOVwdp8c/Oux7e37FpabY4morpCy8Zvbq4pX3Y9VQQ0ODD1IeimHyAfKkJNaGi8ouAkfhtpkB+/fcTjdGqKyZqZEWk80R8kyzEq15WfKqdfLcflxABqSis7y8vZ8I8tXXU/JnpZTMNHSR5eiIegUfuu7t2yaTpFwsKu3+rpDXoWC52JpMG7kHa4e2ghGtpTteGB9f6mulpXfjgUdtQ3tQRGv7y8qG/eqtUv2KoXN8XnOh9ft8njalzR/LCxAHzi5mWNLuzq2NIdwTRDs9FCmi+IMVClfE1L6no2Ws27cIe/Is/A0ukzvelv5Dfmm9LPg4dLWWOJTER0iD6OHORxFw5/fAgZuAnsPWzuVAmOE9mdd/5OBWlfL3WIBRcm/XQmZHHa8A9I/pzeRNY7z32UVUSrPG45yYRTyJqeYJbA78VRNUp9B5nwSWDHanD6PKXwpyw+ib+MAiiOv3xY6dFWTWA6qYh3588vfd/eyc4XPLnE2bIyQZtIm6x1MD7jjD1yIINAbiJ/QGGLOWeDBfaD2vV/gwMn1ezU8zprMpSsLjZSvBrC4A9tzivNBk7vMprApT33OrUp/RtzUXmNB59J/4yXcwzDyXl8h11XdOnBj76tsaplbs+kTmdPb8keLKbj33jn3tEQ0ULS2hFIn0fQlE3g5bWDVbwOXfQd1E35UDNaQxbMtlTv2tIMfyhvgvIeKnYpJqjAIbTcIATp/a4Nqepd/cvP6N1u62BqTqqgx5rJl5HtseVnywTHtvyDstfe1b0m0gS+RLJkN0tFZm6WEgSUn9ZaQK7qymI6EslxxKzAkuXTlklYc8vhYriaN3tochrbLjN6ba6gWUGPGAvKmmOtCpPXbPaZFK2xlooC4wilNAadVvCTWX6VMVZaG7DFi2PmARYkwGtz5lmU1Dx9qKQ+Atf5zGYvXBdpKI3oFzBgBZw2r57n2EXmouIia6C2tNC0kmYpysDJOZoBw3WmqDnfmF7PQpPmwMJ/1ZjfXHSGWDRocpxR+5uitrKgkqTt28peUIMTQM6UqWSvRpsierwbAhqahq/0jYZIY/RVOCDcR25Sv1DWGnPwlCpQ3l70G16l5GEOu2FOZRBND6LhE6icJOvntuTPnZvfQmvcE5QnGUQaxfvGRviz1byVGih+CQVw3akAFpba2VSX7XeZMFdcX6/VidGusJPqXYOwyKJ7N6s9uFnBLWiK7Fp7pmf2crvwTJgHUKxac+dwxdLucrMC9AEn45WRltGOsvk1Xk9ydcdqhUoOfq9KPppY2uh2xdsijSvaY4A3T8ttDX0rylK7F5fYilryqUhPQwgb2jb25mutToPW4DDoLBre6XeZC5oKgjURC6+163U2DW+K1Ib8ZX69y+9k1VadO2Dz2fXexHBTqLUmpsJMqL5PynY+C1JQjUrHDRDtfXzIU0wyykkd8lSkDIWaYsYWTNkyXq/gSIHlFXTqDAeK42b5TxbBfcrxnuhnSTrS5jPJGNpa7UpfyytB7i0uPcmpW0vyoDfuxNdxaqPDTB5ns/HiAjFPcZG+SH5vePIjwWuCHvpG8JporXbyb5HecDgVpPTkCGEjIum7CE7sBipMg4pDHN2+K7MytBMwhQkfzzeQBLgLxSn5kZbaWiLjfsDYVZFqKTij11sDKWvWzwdvIzHTlnyeGH8R4aR38oJwWhTUiKGgqi02RxAyn0kuF0vFnHCiokC/gFKYBGHjWHaRKV5SZg3Wl8eMqxiGwllh+z0ImyF9Masg6k7B0ndmxC59kz7SFPu3HOn5YVlbkZ1IT1l70X9K0mOZ+hPY3mMoikpOoDy8/7BKZVOSdV5kU01g6lCk0z2BA4eN2c0CEhlmelwadjqt2sRUV4nOI70nk8//WFdUM2dgtFquhnnnlTJ/Q0VxOKCl7Fb8is057RwbHvx44qreAKdzW20eA+ft2P74u3d63G4PjHQF6GoFWKlFaOHx6qqkNxTqiE3gXyaVVR3m3o5FSKvtkJGEmB519HfO0Ybo0rrO0h5HD92T2e+dwPa4jYzeDuoYFLJNJzZqoQHoWLjMJlay5JmNhEmbn25XG6ukLd9GmE1i14zCxm+LlZVjT7HdZ+BxM8RDLI3lJqtZ/l1GaXSbzS6jijmmMJtNEO8BM1BNmDf5HHa3lqFWscHgPHeB2yS/QWkzQ1whN1qsyhtkRlfENTcvRAcsBopTyim1K9nS4ra6yffkH1Q6hbD5lbK4kq2ku6Ul6Zo8p9KCdCi0SnqBzy+3hFzpa4Id7S0eb3vHHB++0h6yKj3+jCQ8I8TLFeNBFZF5ax5ZkjiCrIUkTUMl5eSxj5QhRwYuKPZ//xkP+pnM8kO6cvbqGX5J7MlZR8O3pHecnz9N34k3Z3MzINvS2gNY8StRBpc7gDPEeAccZ4h3QLRJvEMfdXZmUPgi8Q59R4Zl0wPSdgPwoKi7bI4cJj33x1wnCpgTxiTl/GFMN6PMGH30i9DWCWNUwBi1MMYA8o4j8OY+PmwzkK2o/sNuyasDB+rlD37wj3agaknAmP5LhpZQIztQ5SoZ9Typ0RvBy5Of+zg7QJnc4DaRrbVyo5uMS8oDwLheEOKPvvR+5ml2Dch/GapHHSdQFaU4ZNHHJijFYVQSYcmybr1T759THie7qyLOrvoSiEOOsPpe5TwYNjg7AoC7A/6O6PCIOORk18XoazppB641XxGO6KuqMCfss7IyTzddfmi7aBuMsh2HdjVA+xJxBgyynYd2Nnz79kfuvi9duP8+f+rSfvybDYeun8+lX8gsNeBatuPKsc3QO4/HezLhdPp6rvPKsZ3fOKaZrJEfotSy8cfnXb20mui9A+Dz1gD/56PS55ANeCYP8eDm5iMLIKzypPSpPCtJVsq6acHFLRPWhl8TGAgL++wq9bOeisnV/RA514B7EQpM+mzOLMMflEm1K2269CtKpUqBy9xuelWGuc99QGun6wYrjLMF+CYi5GkLx5XSkq0XTLPKmPcHjYYtStlT0wIqRsS5HD47f2o+L38aEYjuN/I1V6aG93R5M3u1bMWtRfXbanij3zZTRDfY3SULLh3EKDPS3/bNjxs9Lnx7bv70AEJsPYw7hsqeg/bHwPg+/GtkRkbw0OSySMqRUqd8RrKAxXQLWz4FApM/Mn5u9iNHF6qy9S7rZ6eBviaRTfBS3uCxW0ltGbGwRIzr3O7Pp/B0XeQI9h0YcS1KNitBjayDWiUMvBBi8V8jN3IS11IXTwVS5lRlvpMwh6pbjH/Kpkf/wevv5gTkn88iM7mFZ9/m9XaDEfygzy63z0DIayNZ02mEdltNVPoVDkQd7AiLy78IdgIvkTj7T8xJwNCMKlArahpvtBB+iqFKSnnY44kJS5B6FLO/V1cXLE01vxfslTZxiN5x1vTPdvwy+yOkJecZUbboBeJMdE1WGKuYk7NNwbnrQt2xi7+2qrh0/Te3O6sqyh2F+YCwtSSEr7fXLm8rmOMPtpXuvsR+AePwv2g6On9Le/uuwXIh3o4V0e3koFY3eXtBa9zO0OlHGW6UrMuCr0Ny+j6werHxAjvBXoP8lDupRhrXe+Ewa0wVvZeNBgR8L5A4mLl9h5+BGn19+cbHdzjraqoEDER1FlpUtOn+1SXPOBpG5hT2+YPzS/fswtXnDTgHm/m5AxdGfpbdCDFODCVRalwZICO3omqKPxJUKKxFE5TrELKWgV5OqvK7gr9TKvWulL6nYXpdXLTfmRksn4XWBf3XmbmjTOKI3Vi/7ZvrN963vpr90exZ/Ik8sem+tRsf2lD5tK1+TW/72havrX713ObVbUH8u83P3thTf8m31qe3XWAOv7zsa5sb2646fHnHNSvrqpZf291z3Wh18dCNBPca0IBl9PdROWpBiROoAfRzEIXDrhYloQLJFAaSWldQ9UJzM1v9UjTrtX+BJGFuuF01vQ8O7JHFYuZzNreWk2SWz0GQXdHUXh0zpViVNegwuk0Kpb7T1V85ur1q/YFVtkRrwurxfCuvx9e2tNrqrF7U+6XsFld8hSmeqhxT6+Q0xSplvDfyRHLYYti5snl9KkIxLEWHXeUsbY3WBfNqI+S5PkQfp95jN6AImKXwd5AHnwR0TfjZpFIRvFqLtfYX2PxOlHh78vRwmYDn+U/gZaYt+5IR6r1A16UDPdt7IyBfFptLy5oK6sKh2nwTq3VabV6jbNLCzqld3R0Nd6xNKjQyhlXolL6qfIslv8an0CpYRqZJrwN9WZh+G29H7yAnUhxSWl1I99rLIoEzZK02Zn91O6ex6m9m1Ua7UW9VYAYc3TyHPc+qvN1bUVxkf4VXyIRlHWzc6/TpOE7nIzN/cupv+Db6bmGPiXMcmSaoK44rPEF7D6sFtF9OvEwWWcvOR1o/q41vk9vzvb58m1xuy/d58+3y2W3a54s5lUpnzBcoImXRZL5f7PD7ixwqlaOI2LSvwng2A8ZKZCU+3NSpY+QhIzkJMGAo0edFw5XdxrY53tRQTGBTR7y4HYDgtAOtoS+mn0QOVIlUh00lrB/Fy4UV4un1onBFZpGNp1nj9KtNMv1kQYVew2m9dqvLoOB+qdG+wSoNLovdq8Xcm+k7Xuew2uOwOA1K9i219hdwzGmxezTcwwqNgsWcTI7nmyMWnOKVHGaVWkX6fip9i0Kv5ihOIcOj1nwLXipTQEulU5IxPw1j/kZ2zDG9j82MObOwZaSnF7ZgcNKDJhWkvyKnnzrJgmaCscA4X3+DwxqPHUap4H6l0U6eYBUGl9Xh1fJv/gpQc1jceiULqF0tjUSBL8M7MoNMP2jNt6ZPyBQsRRDAq/B6wI0jmzbSY4AbmS2c/h2tYL8H1k42roMRx0tLrBJjStkI/nFGbXKb7X4Dw1HDjNroMYMaY9gP1FoZw6uNau4KtVYOfGlSw/3a8RGqmGpEWqQ5gnjlWQYRCyHttPWLsy4kYIsN+vRyA3zwIzK1nMWfRDzecNjD6R1wlxvSj+H/Zm9BQRRImmmyNEmTbRq08BAnbfYqb0CJOPC1+LgeBwJssGY5QPKjxdHjP60YXrGUxRq33eAwquiq/hqXt7a/HMt1LovVpaPYlS+mh954M73kJRWQkgKXYe1Pf/7Wtm2/+sXP1jEcR3MKHaHTbhjR72BEflR+AhnEVXuDtAuClEfJyAzCo4pKYZ+NOMJoWfaJQj7DBlWGygowkhkdasC/c9X0VdEqo8PgcKsxu2z58uUMpXNZzS69jFq3g7Jve+vnP13LyjiYRr3qx/ixN9/Aj70o1ylgdBzzcnoecN/FEEl9l/WBz9KJDpxAXVOnklYt1TvShaM7EnhtArcmcEUC5yVwYoJqTZpULpdqdyXeUIm7K3FdJY5W4ko4cGwrwj5Alyy5a8VtoMfhNqhEhVUTU58mFdBQ1U2VlLDhCYwOGYfaJrB5nF2RfXcOoDz8WjQ6PPyusHZuIA/fCDXyzoNoztYXZvZWl9nLMJndZt+t2Pjotr49yxpDOkPxvJ2Pbg71JGManqEwr5Qrw1W95cM3LiygHc29i0rXf2Uo/Iy1aklLqKs94fAnlieSy5vc+BsLH7w8ld+1cd83lw88+cAt6xrkWoNSrTVqDA6dTKPX9Ox9YpnWY9PWrrl5pG5FS57a6jVc88z6opK+NST66wfaPgsqiDx62oGvheiPbN/Q454qso+DTHzlhNRTmempyPRUZHqE1xLpp19TlBIea4UpSuGSzDklmY0huT3CsxYlE5Q9aTflCxKQL2w7kerkwez8CcqWdHi0QQ9gQbYBki+PyaOoEc6pIc8imN24t0a4UOokF9Y8S7VCJP7aYTLJ05Oefe5WevbolLQ3+JTwCEQL2QWgIPdoKYGbtmQG3ZIZdIs06BbCanoFWSlXVDayRZP2ofbJLLOQLfrTT1bOfhhXWAqY3qVHuAdFpU+uKcssWk6/hUlapBIi5iphmSqzN7+KfrZh26MXr35gc11+9+b2hmVJf+mqA2tX3j4cIw8mkcWon7trBio3bnHWLm5Ys7Ew0L6uLbGi0XvD9Xuvwz0LrltSXNi/q7dx7aLugLe9b1lV287B8njf5kT58gUpX7Br4QpqRWFbiX3lwkhrQ6234qrJR4q7mxv93qaWVGx0w8Ugp53ASy8IbyGIoveS9lnbQUOZ7aBFZNEuRLijCOds9CS7m01k95GJTJ6JvBDLdJIib3LziRuvfBJz+aRd0T5pCxKUZ4gdzvNh3wRVlJQryAsOkogW3kUmJ89EKeYpKEQYRS68LkJkiFOCxCMFUhTFIJhTHNIOkKf/My83IPs6hNki2zlA0HN34QpT9nf2lDI5DjNDvxDfNHbN7sfWRks2ju29AsoxjTPa0FuycEOjxdO8prNmYSN4ItS+uz8aH138xN8e2v83oXxq9N7LFlbb59/6nY13vLS3Lq91+SU3gPp6BsT2QdaKitF/JfPyPDjPjfNcOOjEeQ6cZ5eeCi0QaG8ge1dKhGdRCLlLMCKkRQXSTrYCiaAF0p6uAomgBdLmmAKylULjsZGLbEryrdRLcgSlIFd6SY5y+k9JrxUA0sMVD+mx3miYwInDwf4C3QTmxfeLlCUmXxb2EZLPy+Qxocwz2KIwTO9QGpYeAs2kwPQ8x4luenVIyq3rhQf0HuQUan5yGa9ScpxcLcOaT8kTQTSnlONCRmWwGSCe5t6TaeRsG9kpyOscRoNDL6d/freCUXuseptOxT1HMwxmwCv67HY5GGug9iVA7fuAp5vQ/qS6oApHPbjATXZ7JScyZiiJLYSLLYLmsfiEXUVU0bHyEPyhWonWtc9SVyOlSBwl2dulJHvB9TW1Pl8tMF/xsXILVzygq53A+RkKibsu46IyAQXycvb1VQKNhF1cM4hDfMNZq0/c9OqTkDy8j5Vr5ZOVGrOWpxVa1WeL19caXJXzK4RHPcn6HMXKbPVDF9cvv2242NJx45aXqXKZVsl2kQQir/NYTB6rVY0Vy+7ctTIa7a0LBPIDMoPHrLXoNOa8oK1y2e72pituP3jJG3KDsNN1HeiEO4F+g5g9gZYAyVyEZEtwqQyIUkoEv1SgWymhW+kEVZlUzB0Iz51rM+JeIPGZZBhOCZPNbknoDSdpjVOmy+xsFa50+oQH00SWdQLljwobuISnSYl8ayTW1EjcriETZ4Rp0NSTZ1Xqyba7nng9FlhXYmHRAtTr6/WWqgmsTCpSA7H/9vnYFHntgjL72oV4dqlQ2PYl7LN7LavrhXVD8qiEoXZaz0+vIVZ94SXE6Uk0gwW4s+nSJy9u3jZYp5VxtEYtrxzY0tayui0QHbi89wqYK55TauTbWiCkdFT0VdaN9pQpyP4w8P6MdQu3JJd8aWmRr2lJfeuW+UX4kqHb11ab3V6NBrzgPJcv5As0LSyrHkwGQDzMRruWDySHqvNTVd5gfhDCQ4vWqtcYYZ6LF+zoaFzfV6uk+Mr5RPeT59P/nTWhQtBLnyXryNbIIhyJ4bwIzgvjkAuHnTgoKKiQDYesOGzBYTMOm3BYh2GK81icx+CoEwvayiBqqyKLDSoWn056Nkl8Jumd4+SZJVdxsW5i6lzSDWfoiPjpCEfoyBZWHTEiOuJY68hOoghiRF3FgAHIPOKZVJBnPJmSeMRZLEwwE/XrdAp/v2KhsG0cpK78bFmZtLcvKu3kJS8GejkqPjackcBZHzzzwcasaOJpXWXBQeyn/91kuDPzNqDJ91Q6NfjnCh7/jDV6Yh5/qUd3p96cfphKL8WP4a3+cPrP2fSrjtN5bEaP3aqmDWRtj4UY49wPg9TvJ+uIxK0BibuH1YDGej6pjlTjSJXwMAYtaKxjosKqlrRStfDaTvLyGPKCjHwgfT705hO5yNfMK9tSdnUZXXbh1+U8S5WDc3VGcq5OkadpUdI4QR7NIM/XGW1V5P1hqljdhz5hmT3WZ5shOsNniejEo1j3hiQxp4dfE4VHJC6h7ueuuAfE/Hv2xX0Qf0nZOPqeOXvHNzZsXFCl5ViKlil5RWHH+s7WrX3Fkb49ixoHwy6b1001yrQK1mRIu4Opki2PbqnFD130yJY6vd2mUekdBr1TL7O7Hb62dV1NKxJelSNEaf0+OSjBvPz03SxVObpvaioTl1Ac/WNhhWcVyMBBYdfdmyeQHnSXQu/HPXqdTnrNzszX75yR7OTHAi9eCp6SHusmMlfpdOJmYeEqnXSVcFhJnh7boSOCw0lbrP2ZmfXjHMf254JDa5Yscs7zemekl4G9cxSuMbP6CVx02NGnzL4ORTDJwiyQrZ3kIxWC9uKnXyKR+9o8+iDNyrl0Mau15jkCYT3F4fcm7zIaWYVGTv1FY1ZyzGmD22nXfPaKCkJqDoJrpis/zwh2hTO4gJpSJALU/ImwP5C0HwXLUYJa0HeTxoJiXMjiAmF3dWEYhxW4jagKH0G7DcyJOmNJ3LtLcW1pqnR9KR0txaXkZT1ypNH40FZEiWGAGA4cIRxbT+wGXFpP/BUDuXxHPa6qn1O/tp7Oq8f1E1Q0qYmHcCj5F5+Pr/qwcAC4WDbOL8oJCoVwUHidwLAUEZbl8rDAxczshyKqcx+ol14aNf1GQvpRU0nfFU9sjfY1x0xALKVMmd/YXz56y2CMqtw/svGuoUjZhm9e0nflsmREfzDQMpJoXlbvstcsaem+lXp2wVMP3nJRvVJnMHgdFoeG1Rq03Vc9usxbUr/21oFFX79sTkHvpn0Pz9l7cGNJfN7qyvqVbSEhuyWAavnX/32FtuGvyC4T/luZk3/YQ+YDPfejq351rjS9XX6M/P87SA7ExMIJ8M2hNMKnFXPh+K3yY1J/9sOMMprpFv436HkYBb8ocM6pnxBglqCnmDY0ekF4H469j77KTCEnAfoMegqgXSrnSLAKYAXANVL/U/TT6ClWhZbOBuYc3A+ATSIfxaCnKGaqC8p8KGsBSgHmA8wDuAL6PQAR5k447zbEU7dNPcHkw/UA9LAA19ArpfpW5GKWo6e4N+HehRcAHqAHrfqHME8E7k9oFROA3wJgV0J9EOoiDJAS8OuQwAxgy7Z/i7S5wAbQk18UmH0owHtQ42xgIqgE7uU5D55D9RI4hPJDpPuiwC6b+t8EGAY9TL+ENl0ImDXoYYANzE5URoDeC+fuhbGIpU+CGEABQIvU/zA9H667Fm08D3ZB/y50K3M/SuL30cP4/alBKO1QdgJEABYC9ANsg349gI1xooepJlBaTVO30i/CvQGodwS4ifqtVP8zjO119DDHwf3vyMIBgF1CfS3Ak2jtP4RnRYD7rKV/AL8FwIxD/SzURWgXynkoJcLUXwE+yraHkIsemkqLJfDjbehBgPuk8qsAO6T6eUBPIj/XhKpnA2jsKvo6mLPZsB61SSATytfRslnguUCfAFxcBKYCHQD5WSLBXIDFmTa/BS3h3gLAIsC5I8ytABsAKtAo/Rka/iJAbUMh7l4Ukr2OQsy3of51qd4wC+bNAqmfu2wW3DwLpP4Z58vhN1pz7n3d9DHmrAisEYX4fBSiT6PK2SDgej4cYCqmnmZapz7Bb6Ab8BtTm6HUQrkEwAdwCcAgwDro1wMcoE+hGxgP+hJ+b+p1CVbR34B+Ccg5AIWUSyi78WfIRU2iA9xq8lszYK5QPjJ1v1DWwHzMhHnn9TWIwP1EmLvMfUaoH6MDIkx9AuVm2o/6RAC+9U9NZtrsMyLAvQ7gD+D8Z5CfOg1Ayu+gMPNb5Gd2fDEAWvv5buDvX3wxgHHuB/iyVN4I0Atws1Tfnwv0/SjATqDK2UDvBJ30IAqcBwVoSAJeKGvQJfQoWk3vAl59CrVR/4U2UnOFspOaQB34eZRHfRXm6PdoI16FRvGmqZ9DeyNeDvpsEZz7WwHahevgGvwRlOBX4d+gILmGugF56T+hGHUV2LgbkZeqRi3UAtBnOwD2E6s9Cc7AuTPUovP7YHyIXkHe5kX6zj0IsG5W3/0A6/EUtO8FeATgcaF/DcAInQf3+yv0zQFYJ/Q/BHAVHYF2CmBD9h5X0ipoawH0Qt9TAE9Qd8D1XwN4SOj7PcD/psDHoL4PcBTOfR7gXfA5BO/jXD9AKX4F/JA3AF4RAXDpJQC4XQ/lbupqobwM/w1dT97dKPoiUzcTH4QeAPt6PaoTfYj0C8Smif5C+gFim0V/IX0IfIN+wQ+4G+Vl7D3QeEC04VMW4Rqw2/S3wTcR7TDYy/RmUnJG+E2wpxxCX2Hno+Xs/PQnok2c2kFsIfWZYGOCoi1L/5ToVtFupV9jjqC1ot1Kfxds1ALBHr2L9Bm7Q9+Elou2ZKqeXCPYkKWoW7AHgt5OP0JKFihF9Do7iG4i9oUZn1oHtn9UgCTIaRnw451g+0rgvG8BjwJQPwId0APHCDSDPtqFOKoM7afKpt4H2A2gFfTKEcBvLZRfBV6nUC9Ng+xkdMJGlM8Y0GVw/RDM/zLajmhmIfqKBFcCWNgqtJCtRwsBbwP7BNrP3olWE6BuFuZSQX8ozHUVxaKvZiEP+H4KbSYgzGcvelqYz60SXAZzFEF0ju84yl0Ev/Fj1M0S/0oCyR+cT3y9rL/1G0RznwK8KfqNPD3txzGfiPNM/NSM7wV4ijABemG/ONesC875K8Al6FLuL3APD9T/gLScDcokwEo0zIyilbwM6tvAv5uC6/8CvhswtsAbf0SPCH6SSYIIzPdepMnxh2LsLrDBe9Fi5mY4djO6B+BuycdZSPwXwPVhAjC3WOCXXZJP8gTABolXiN+V8SPuB569H3zuOOChEPmF+TJcsx7O+xRt4oLg77RDewWystdB3xmA/0QX038G/6UM6lNg31cgL7MKACQQbDgW+sH+M61AF8Jbr4NePy0B1IEnUuDnWYmdyLXhcP8m8Am6mQHgvQHwqQbApok28BJi1+hjcC0AY0YWjkJGdj1awXSAHcuXbFUpQOG0PRN8DGJn7EhBbJ2km230z1CASUM/6G7gxQNMuWBDW9jX0AE2De0upGAXQN/3AW4B3r4NxvZDqL+EapiBqU+IbYb5ttGbATcJgFe/RYD6OlZQX0fPEaCPohsAlgvwNvD2CDoLME6vRrvBFqwAPi4kPA1wkvA3eyO6B/puJf2ZEuboSwDRTCn1Ralj6FKAU5mSsYPPZwd5kEraijD1a7AJB/E++hx+BtpKaBdR28GGANDnwJ8E4JvQ3bkAfZ/Q59DzWZnbhG4A2E1dCjhdipZQ16NFADuoJOjVJPR3oTGAdZ93HtzrAYCdALsALmPG0MVMI/gD59AGgEZ8Gt1CV6JbWLBJLNgm/m8AYDf4BrHknkYHCUD8uZf9JkqwT6FewBfBtQnmMPCRBuhxDuRBI/hOg1A/AdAF7QEoNwEtolCvoP8bbPWDIL/fg/jxQTjvQfDT/CglKwddcQ70+2+Ax/XIzexHK6iXQC+/j1YC9AF/BOg3oaxCV9GHwGerAn1QBbytQZ0AzwBcArAOwAewBuBigFUA/QK0Am1uQ3b6GtCD20EfPoXC9EUwjuNAgxSKA2+QJ577YTzzAW4DWAOwEqAOYJ0w5geBfx4EfoVzzhtf/hceX8mFxgfy0Yk/Bh9iDHVTT6Nm6pcoRD0KPPJrtBTschn1LvT/GvyU91AflH3Uq2gx/g4aARj8n1xL3Y9q8F9RKdWPGqgU8GUXMlFz4Jo+VELVoAC1GO7VC/f+oueNT3XTRtTGrgAAW8papbIYYADgRTRXgHWogz0O8AjAyyjCXonaod4Otp34c52yuagT+pbxL8J8nQO7fg71AIwARAGWS/UhAJAhmCvx+EKARYSf2d+jGMOiSu7f0XqY+1HqLPh/55CM+BvEDyA2k1sDungBWspYUBfI3L0A9wC8KIAGHeQ1uC5TKuaie7kaiN3Wonwp+9IyE6jl/zyQbCdz+sLAPjATuHu+GPAXISQ7dj7IP/qfgeJDEZRfuTCo3vt8UP/HPwean0yDLjAT9D+8MBj2zwTjk/8cmH5yPpjvuzBYKv4F/wIRrHf+vwPbk18M7D+fCU7HFwOX7/9ucH/6xcBL5cCH/2fAt/vCEABvJ7j88yFv9z8HocenIXzvTMgPfzEo8Px/B4VN/xxE/3g+FGkAfv4v+Bf8C/5vhuIff0EAf6z4PQk+FSF+lQRfluCB/zmU3PP/c3gUodInRSh7FqHywplQYZIgbxoqzyBUDceq0/9PO+cdXVW9puH9nVDTTgKpBNgoTQxVBUIPLZTQyQZCL6H3FHogNEWl2bArFkQ9gGGDioqAqIiKgg0VVLArFlCxl9z38PLOnVlz76yZdf9wXOtGnzzPriTK7+fHUnScjIT/Tqt65zlC2mAPb3PsPKdI2xnnwd+vtmtJu6Tz1Ps77Wue5wDpgPszmzpOxyqkU5hDf6fzQcfpsv+/0nX0v8h+kjUAbPjX6NbTcbo7/4l+/4QN/zd64Nd/PQ7+m/8t2XVI71l/Ln2OOk6/Lo7Tf4XjDJzmODn4Ne0g/JwbhGuDt4E9jpPb9N/8hbDwfxHjbHUqOltAwIlzmjjjHSd+dZ0op5xjfuWIWrsCK3ZWTrGeiOWKZYqlihLFEsViRbFikWKhYoFivmKeYq5ijqJIUagoUMxWzFLMVMxQTFdMU0xVTFFMVkxSTFRMUIxX5CnGKcYqxihGK0YpRipGKIYrhimGKnIVQxSDFYMUniJHMVAxQNFf0U/RV9FH0VvRS5Gt6Knooeiu6KbIUnRVdFF0VnRSdFRkKjoo2ivaKdoq2ihaK1opMhQtFS0UzRWXKS5VXKJopmiqaKJorGikaKhIV1ysaKC4SFFfUU9RV1FHUVtxoeICRS2Fq6ipqKGorkhTVFOkKlIUyYokRaIiQVFVUUURr4hTBBWxihhFtCJKEamorKikqKiooCivKKeIUAQUpnDOh5Up/lD8rvhN8aviF8XPip8UPyp+UHyvOKv4TvGt4hvFGcVpxdeKrxRfKr5QnFJ8rvhM8aniE8XHio8UHyo+ULyvOKk4oXhP8a7iHcVxxTHF24q3FG8qjireULyueE3xquIVxRHFYcXLipcUhxQvKl5QPK84qHhOcUDxrOIZxdOK/YqnFPsUexV7FE8qdiueUDyueEyxS/Go4hHFw4qdih0KX7FdUap4SLFNsVWxRRFSPKh4QHG/YrPiPsUmxb2KexR3K+5SbFTcqbhDcbviNsWtilsUNytuUtyo2KC4QXG94jrFtYprFOsV6xRrFWsUqxVXK65SXKlYpbhCcblipUJjj2nsMY09prHHNPaYxh7T2GMae0xjj2nsMY09prHHNPaYxh7T2GMae0xjj2nssXyF5h/T/GOaf0zzj2n+Mc0/pvnHNP+Y5h/T/GOaf0zzj2n+Mc0/pvnHNP+Y5h/T/GOaf0zzj2n+Mc0/pvnHNP+Y5h/T/GOaf0zzj2n+Mc0/pvnHNP+Yxh7T2GMae0zTjmnaMU07pmnHNO2Yph3TtGOadkzTjnXeEQ5MzX7N9i5mZr9mIrSMR0v9mq2hEh4toRb7NaOhYh4tohZSC6j5fo2O0Dy/RmdoLjWHKuK1Qh4VUPk8Oduv0QmaRc2kZvCW6dQ0aqpfvSs0hZpMTaImUhP86l2g8TzKo8ZRY6kx1GhqFDWSz43g0XBqGDWUyqWGUIOpQZRH5VADqQFUf6of1ZfqQ/WmelHZVE8/rQfUg+rup/WEulFZflo21NVP6wV1oTpTnXitI5/LpDrwufZUO6ot72xDtebjragMqiXVgmrOl11GXcq3XEI1o5ryZU2oxnyuEdWQSqcuphpQF1H1+ep6VF2+sw5Vm7qQr76AqsXnXKomVYOqTqVR1fxqfaBUKsWv1hdKppJ4MpFK4MmqVBUqntfiqCBPxlIxVDSvRVGRVGVeq0RVpCr4qf2g8n5qf6gcFcGTAR4Z5ZyTlVF/nLvFfufRb9Sv1C+89jOPfqJ+pH6gvvdTcqCzfspA6DsefUt9Q53htdM8+pr6ivqS176gTvHk59Rn1KfUJ7zlYx59xKMPefQB9T51ktdOUO/x5LvUO9Rx6hhveZtHb1Fv+smDoaN+8iDoDep1nnyNepV6hTrCWw5TL/PkS9Qh6kXqBd7yPHWQJ5+jDlDPUs9QT/PO/Tx6itpH7eW1PdSTPLmbeoJ6nHqM2sU7H+XRI9TD1E5qh5/UAfL9pGHQdqqUeojaRm2ltlAh6kE/Cfu1PcC33E9t5rX7qE3UvdQ91N3UXdRG6k6+7A6+5XbqNl67lbqFupm6iQ/cyKMN1A3U9bx2Hd9yLXUNr62n1lFrqTXUat55NY+uoq6kVlFXUJf7iWOglX7iWGgFtdxPnAAto5b6iR5U4idiM7YlfmILaDFVzMcX8bmF1AI/MQ+az8fnUXOpOVQRVUgV8NX5fHw2NctPHAfN5Mtm8M7p1DRqKjWFmsznJlET+ZVN4OPjqTzeOY4aS42hRlOjqJH8pkfwKxtODeM3PZSvzuUPNIQazC93EH8gj2/JoQZSA6j+fkIm1M9PCP8Iff2E8E/vPn7Ccqi3n9AI6sVbsqmefgLmAuvBo+5UN57M8hMWQ139hCugLn7CEqizn1ACdfKrZEEdqUyqA9Xer4J/vls7HrX143OhNlRrPz78U6MVleHHd4Na+vFDoBZ+/FCoOa9dRl3qxzeELuGdzfz48DfW1I8Pr80mVGM+3og/QkMqnS+7mGrAl11E1afqUXX9+PBfpTpUbb7zQr7zAr6sFt/iUjX5XA2qOpVGVaNS/bgRUIofNxJK9uNGQUlUIpVAVaWq8IF4PhDHk0EqloqhonlnFO+M5MnKVCWqIlWBd5bnneV4MoIKUEY5mWXBsW6YP4Lj3N+Dee5v6F/BL+BnnPsJ534EP4DvwVmc/w58i2vf4PgMOA2+Bl/h/JfgC1w7hePPwWfgU/BJ7ET349hJ7kfgQ/ABeB/nTsInwHvgXRy/Ax8Hx8Db4K2Yqe6bMc3co/AbMdPc12Pqua+BV9GvxKS7R8Bh8DKuv4Rzh2Kmuy+iX0A/jz4YM8V9LmayeyBmkvtszET3GTz7NN63HzwFMsv24fNesAc8GT3b3R2d7z4RXeA+Hl3oPgZ2gUdx/hHwMK7txLUdOOeD7aAUPBQ1390WtcDdGrXI3RJV7IaiFrsPggfA/WAzuA9simrk3gvfA+7GM3fBG6Omunei70DfDm5D34p33YJ33Yx33YRzN4IN4AZwPbgOXIvnrsH71kf2cddF9nXXRk5010RucldHbnZXRtR1V0RkuMstw13mlXhLQyXeEq/YWxwq9qKKLao4rTi7eGFxqPh4cWbvCpGLvAXewtACb74315sXmuvNCRV55YoSigqLIs4WWajIuhRZ0yILOEVxRbWKIqILvXyvIJTvOfn98kvyS/PLtSnNP5kfcPItMvwbu/PTamaFfxv0ovyYuKzZ3kxvVmimN2PCdG8KvqzJGRO9SaGJ3oSMPG98KM8blzHWG5Mx2huVMcIbGRrhDc8Y6g0LDfVyM4Z4g3H/oIwczwvleAMz+nsDQv29vhl9vD443zsj2+sVyvZ6ZnT3eoS6e90ysryu+Jad6nHVa1WPiAt/AX2q4ytx0qxT07TMtJNpZ9LKOWmlafvSIqoEq7nVAg2Cqda5b6rNTF2Sui41IphyOCWQmdKgYVYw+XDyieTTyeWqZiY3aJzlJMUl1UqKOPeb1pN652Sdc4cudLPm577X3km162UFEy2Y6CYGurqJ5sSfjD8TH5G4N+5wXCAYtGCwLBjIDOL2YKwbGwh/KouNyIxt1jIrGOPGBMKfymIikjJjcCb8xvrR/XKyglFuVMDrENU3KpAZ1aFzVmZUo6ZZToTVMnMsDoqoFP6fRFmimxWx28L/Gqe8Y7Z+e87A9PTsXZWcAdmllfsNK7VVpXUHhj9n9h9aWmFVqeMNHTZku9na3O0W6JxTmpDdfyiPV65Z49TolF1aY+AQP2LjxhqdcrNLS8KdmXmuy8Lt4Jbc9JEFRQXp6YUj8WlkQWH6uT9xZEXho/TwyfCfBYU4Dv9RdO74P/6XUv/4g7dBowrwUXj+XOH//ND/9w/7s7+Av/7Hdgc/TYd0LAuscPICy8EysBSUgCVgMSgGi8BCsADMB/PAXDAHFIFCUABmg1lgJpgBpoNpYCqYAiaDSWAimADGgzwwDowFY8795pe8wCgwEowAw8EwMBTkgiFgMBgEPJADBoIBoD/oB/qCPqA36AWyQU/QA3QH3UAW6Aq6gM6gE+gIMkEH0B60A21BG9AatAIZoCVoAZqDy8Cl4BLQDDQFTUBj0Ag0BOngYtAAXATqg3qgLqgDaoMLwQWgFnBBTVADVAdpoBpIBSkgGSSBRJAAqoIqIB7EgSCIBTEgGkSBSFAZVAIVQQVQHpTrWIbPESAADDhOnuGc/QF+B7+BX8Ev4GfwE/gR/AC+B2fBd+Bb8A04A06Dr8FX4EvwBTgFPgefgU/BJ+Bj8BH4EHwA3gcnwQnwHngXvAOOg2PgbfAWeBMcBW+A18Fr4FXwCjgCDoOXwUvgEHgRvACeBwfBc+AAeBY8A54G+8FTYB/YC/aAJ8Fu8AR4HDwGdoFHwSPgYbAT7AA+2A5KwUNgG9gKtoAQeBA8AO4Hm8F9YBO4F9wD7gZ3gY3gTnAHuB3cBm4Ft4CbwU3gRrAB3ACuB9eBa8E1YD1YB9aCNWA1uBpcBa4Eq8AV4HKw0snrWGJY/4b1b1j/hvVvWP+G9W9Y/4b1b1j/hvVvWP+G9W9Y/4b1b1j/hvVvWP+G9W/5AHuAYQ8w7AGGPcCwBxj2AMMeYNgDDHuAYQ8w7AGGPcCwBxj2AMMeYNgDDHuAYQ8w7AGGPcCwBxj2AMMeYNgDDHuAYQ8w7AGGPcCwBxj2AMMeYNgDDOvfsP4N69+w9g1r37D2DWvfsPYNa9+w9g1r37D2DWv/z96H/+IfuX/2F/AX/0gZNdL5G9RWtaUKZW5kc3RyZWFtCmVuZG9iago5IDAgb2JqCjw8L0Rlc2NlbnQgLTI1MC9DYXBIZWlnaHQgNjMxL1N0ZW1WIDgwL1R5cGUvRm9udERlc2NyaXB0b3IvRm9udEZpbGUyIDggMCBSL0ZsYWdzIDMyL0ZvbnRCQm94Wy00NzYgLTE5MyAxMjEzIDk1Ml0vRm9udE5hbWUvSlFNTENYK0NhbGlicmkvSXRhbGljQW5nbGUgMC9Bc2NlbnQgNzUwPj4KZW5kb2JqCjEwIDAgb2JqCjw8L0RXIDEwMDAvU3VidHlwZS9DSURGb250VHlwZTIvQ0lEU3lzdGVtSW5mbzw8L1N1cHBsZW1lbnQgMC9SZWdpc3RyeShBZG9iZSkvT3JkZXJpbmcoSWRlbnRpdHkpPj4vVHlwZS9Gb250L0Jhc2VGb250L0pRTUxDWCtDYWxpYnJpL0ZvbnREZXNjcmlwdG9yIDkgMCBSL1cgWzNbMjI2IDU3OF0xN1s1NDNdMjRbNjE1XTI4WzQ4OF0zOFs0NTkgNjMwXTQ0WzYyM102MFs1MTldNjJbNDIwXTY4Wzg1NF04N1s1MTZdOTBbNTQyXTk0WzQ1OV0xMDRbNjQxXTExNls4ODldMTIxWzUxOV0xMjdbNDY4XTI1OFs0NzldMjgyWzUyNV0yODZbNDk3XTI5NlszMDVdMzM2WzQ3MF0zNDZbNTI1XTM0OVsyMjldMzY3WzIyOV0zNzNbNzk4IDUyNV0zODFbNTI3XTM5M1s1MjVdMzk2WzM0OF00MDBbMzkxXTQxMFszMzRdNDM3WzUyNV00NDlbNzE0XTQ1NFs0MzMgNDUyXTY4OFs2NDFdNjk4Wzg1NCA2MjNdNzAxWzY2Ml03MDNbNjIxXTcwNVs1MzNdNzA3WzQ4N103MjRbNTU1XTc4MFs0NzkgNTMyXTc4M1s0NzkgMzQ1XTc4OFs1NThdNzkwWzQ5N103OTNbNjg4IDQyMiA1NDAgNTQwXTgwMVs0NjNdODAzWzUxMF04MDVbNjc2IDUzNF04MDhbNTI3XTgxMFs1MjBdODEyWzUyNSA0MjJdODE1WzM4N104MTdbNDUyXTgyMFs2MjRdODIyWzU0MV04MjRbNDY4IDcyOCA3NDldODI4WzY2NiA0NjldODMyWzcyMSA0NzRdODUzWzI0OV04NTVbMjY3IDI1Ml04NzJbNTEyIDUxMl04NzZbMzg2XTg4MlszMDZdODk0WzMwMyAzMDNdMTAwNFs1MDYgNTA2IDUwNiA1MDYgNTA2IDUwNiA1MDYgNTA2IDUwNiA1MDZdXS9DSURUb0dJRE1hcC9JZGVudGl0eT4+CmVuZG9iagoxMSAwIG9iago8PC9GaWx0ZXIvRmxhdGVEZWNvZGUvTGVuZ3RoIDc4Mz4+c3RyZWFtCnicXZVNa+NIEIbv/hU67rAHV3eVWjaEusywkMN+sMksc5WlVjBMbKM4h/z7Vb+vWoEx5AE9jlpvldrV+6+P3x4v53uz/2e+Dk/53kznyzjnt+v7POTmlF/Ol12IzXge7usVOLz2t91+ufnp4+2eXx8v03X38NDs/12+fLvPH81vz88/fpcvu/3f85jn8+VlMRa//7eYp/fb7Wd+zZd7Izv3ZszTstSf/e2v/jU3e9z4KZ8/brmJuA5MMFzH/Hbrhzz3l5e8e5Dl4w9/LB/f5cv4y9dH5V2n6fPf1TdGcSjzjRagQvCNFqkOvtGMavCN1kLF5BstUXW+0Toq3ELaAUpxQdqJKvtGG6DM/JMjVIuFV7KgtvdPMn2LVVYqVEIpZMv0HRYmW0btjr6xZdRu8o3LQxYVJHqlJLQwhPJ4UpJRZa+UhCeGWB5PSkK/wlJEpaSOCmuxoHSgGr1S0hEqlUSkJPQrdK1XShqpkldKylRYq+NaE9ShFExKJ1SDV0qHroYjooLSKRWigqWRRZ0QApSOZQ9lZ5HSscYBuUDpWOPQeWV5A4uKp/Is0sKBqvdKCwPVySstjFSjV1rIVJNXWkDZEYlIi4FKvdIiyo5j2SCkRdyoUtpCmgrV6JWmgWrySlOspaGUQpoqlXmlqVElrzRtqY5eaZqoeq807ahOXml6oELUwKjoqsZSMGnaU6lXmp6oWq80HaiQKzLXSHXwStNMhVyRudgv/PZJM/Yrol+gcQxpRL9A4xhSRVTQjP1S9As0TiZV5AKNY0gVuUDjGFJFC0HjGFJFVNCMzcFMIo2TSRVRlVHZCcN7BM1YtiGqMSrLbtFCsIw/qM4rZe19i6igRK6FMUVKzxAJ6UE5rQpRE6crn9iVmUQuW5Yqe6VElo1hRkpk2RlrZY5lvqGMskFZd3TGWpmTmm8oYy1Q1h09oTmgrDt6QnNAWXf0hKigrDt6wi4EZd3RE942KOuOntBVUMqOXg7CeuKVM7Ec19sRO7zP83L64kzHGVtO1/Mlb8f+7XordzXL3+5/7/3p1QplbmRzdHJlYW0KZW5kb2JqCjIgMCBvYmoKPDwvU3VidHlwZS9UeXBlMC9UeXBlL0ZvbnQvQmFzZUZvbnQvSlFNTENYK0NhbGlicmkvRW5jb2RpbmcvSWRlbnRpdHktSC9EZXNjZW5kYW50Rm9udHNbMTAgMCBSXS9Ub1VuaWNvZGUgMTEgMCBSPj4KZW5kb2JqCjEyIDAgb2JqCjw8L0xlbmd0aDEgNDAwMTYvRmlsdGVyL0ZsYXRlRGVjb2RlL0xlbmd0aCAxNDY3ND4+c3RyZWFtCnic7b0JeFRF1jd+qu7W3dk6+57uJkmzhJgQAmGJpANJBCMQVhM0EhAQ3AiryygwKAMEUHBXXBBHZAClSRTDNsR9GxUXHHRceBVX5JVxF0nf71fVt0OIoOPMfN/zf/5PEn/31HaqTlWdOnWq7sUQIyI7LSKFnBfOn+v+edAD7yDlbiJjwrT6iy7bYUx/EuEfibRLLrr0qmmv77yphChiClHM0elTJ005EPPTSCL3WPD0nY6EmAXxAcRXIp41/bK5V76V89Q8xP1EhW9eOvPCSfThlleIxl2P+IHLJl1ZH/euOp+o4XyUd9fPnlr/z7M/TkD8GqLo17WdlCbxEKWpXkojMg+FEJhhHhJ5gvIviFh6ENZPI22hv7NuzE1N7Bgl0o8smfWiYaTSD+jpVmqlWymOxtJtLIayKIHG0TCmokwOrWRrzfnm53Qm3UTrzcfZYnMT8m+kZ+lHSPC+yqiIRqD8OJpKnysfU415F9loKYXRQBrNEmgSvYXf7yDDzXQL/ZVdY/6IVuNoMeorplIqNZ8wj1MPWqmu1g7YH6M1tIvp5oXmDMqgLtTAc8y3zA/ISzX0AG2BTDmsRR1KHrqEltAdLFl5FqFb6c8UYOG8Vhmi7UVLw2g8XU5XUANtohdZDKvSDmhHzT+Yn5JOsdQNMs2gz1kfNpw/qIabg8x36DzaQc+jv+K3RT1PfUg7L1Bi3mM+SfH0OHOw3ewJrUC7ofWP5v3mIxQOeXphREagncl0HT1BL9A/6Wu+0FxIQ2kMWn6GpTM382LE3+LJfAFfoLxBZ6C3tZB2Ht1HfszITtpFezA2/6CD9DGLY6nsbDaZrWFf83A+hb+qrFUeVd5UmfoXjHcmZWOM5tKDtJ3+Ri/Tq0xD/fmsil3MZrLb2T3sIPfzL/kPqk29Tv1ZbdW8gYOBn80R5neURCl0Dl1NCzG2D1ATPUqv0H76mr6h75mT9WPT2f3Mzw6yL7mdd+EjeT2/jT/IH1ZGKGuUJ9Q+6mD1EvVl9R3tT9oKY5IROL4hcHPg4cBr5uPma9CdSNTvpQqM6B+hFQ/SXnoDtb9N79GHQn9Q/0A2gV2AVuawZewW9jB7hr3GvkAvSf524QN5GVqdyWdjnBbzm/ktaP1V/O7j7/D3+GH+naIpXZS+yizlfsWvNCv7lE9Up+pVz1B7qSPVCaqJmSnQztLGaBu1zdqT2lG9WJ+i1+ufGYuN621/a+3R+n6AAtMD/kATdNcGTboaI3EvrYfeP4o5eBEj+gokPkjfYhZSmId1hdz9WQWrZMPZuex8NpUtZkvZTewOtpatZ4+gB+gDNyB7Di/lY/gkPpVfz5fyVfxR/O7kL/C3+AF+BJInKplKjtJLGaZMUM5TLkcf5ioLlOsxsmuUTcqryhvKp8pnyhHMWqKaoc5Tr1bvVB9SH1Vf087RLsPvem2v1qK9ph3XjutcT9HT9Dz9Yn2j/qGhG32NKmO58abxja2epbEekNxN7X54MtZgBt/E49SF7AgS0plKUeh5DuZhDFbFN1SiBDAvkSIfssXzZDVWcOo+FfaJz2W7qA97hhbqXIFVVA9SI3uXH1Sf4mfSflbHktWHlMu1F7mHNsMarea7+S42mB7lxXw8v1sh9jHbSB9D36+kW9glbA5tZkfYAHYtK2IL6U2eoIxh11OxuZ6rzM6GsaMECeiP6hS6gH71h/Wnd+nzwL1qhHoN7FMz3YYZ3UIfsL/QMaaZX8K6KbBGk2BlVkLfl5CwerVYZwuxHpNhQS7VX6VHmQ4rXqQPUq+mo/QTfa7thEYNhiX9NDBDvVf9yCwyc7HCsMpoI9bddDoLK+ZjaMkexEXsfKx0B2xJAVZ1FU2gKXQtrN4a02/ebV5nXmXOpJfAe4z1ZMfYOqyIZnAU0/P4vZHeZiuwDs/69X6e7icwhVroC5bEslkB1sMRbb62WtukPar9VXtZ74XRvp7WQqM/hDY70IML6TX6gn5gNsxNMvWkQsjbD7JX06W8RtlDQ1gK1WPNdoMdH2z1ZA5qWYzRuxvreQ/WxlHYifPpr3SAcZaIHl2I9m2opxLjPBGlN2AGr2NNSJkCq92DDqPfkawfn4v2fKjpNlitFsj0Ln2C0TalXD1hF8rYeNT1A51LU9BCX6pi2zAD26k/LGuZ8jeMdxZz0mDWhf0ZfHVYoZGUTv21jxinnoERZj8+Q9mDPcZE+jrsXql0JpsFKaLQj1aKZyOpT2A0ZHiDKaqfvS6luJNPNZcqVwQupZfoL5gTnzrfKCPylY71lQw6s3jggP79ivoU9i7olZ93Rm7PnB7du3X1ZmdldvG4XRnpaakpyUmJCfFxsTHRzqjIiPAwh91m6JqqcEY9yzMr6tx+b51f9WYOHZor4pmTkDCpXUKd342kipPL+N11spj75JI+lJzWoaQvWNLXVpI53cVUnNvTXZ7p9r9cluluZhNGVSO8qiyzxu0/IsPDZXi1DEcg7PGAwV2eNL3M7Wd17nJ/xfzpDeV1ZahuW5hjSOaQqY7cnrTNEYZgGEL+xMz6bSxxEJMBnlg+YBsnWwSE8qdklpX7kzPLhAR+Jbt80hR/1ajq8rJUj6cmt6efDbkwc7KfMgf7o3JkERoim/HrQ/yGbMY9Q/SGVri39WxpWNnspMl1OeFTMqdMOr/ar0yqEW1E56DdMn/i1YeSTkRRecyQ6qXtc1OVhvKkGW4RbWhY6va3jKpun+sRz5oa1AFenl1R11CBpldiECvHuNEaX1JT7WdL0KRb9ET0Kti/qZnlIqXuYrffnjk4c3rDxXWYmpQGP42+ytOYkuLbYR6klHJ3w9jqTI+/JDWzZlJZ2rY4ahh9VVOyz518ck5uz23O6ODAbouMsgLhEe0DU9vyZEgWF6HK0W0jy4REmcOgEH73hfAnR1dnok/9xGNqP2q4sB+K4aeGgcs/BTMyw28fUtfgHCDSBb9fy3Zmuhu+I2hA5pEvT06ZZKXo2c7vSASFnrSpGvJDYX9Ojr9HD6EixhDMKWQcJON9cnvOb+Z9M+udbhAMH1VhbCfVDMjD8Hs8YoJXNPtoMiL+RaOqg3E3TU5tJF9eTo2f14mcllBO/DiRsyiU08ZelwlNfpSE0x7vt3nb/otyJsSWTx/gZwm/kj01mF85JrNy1IRqd3lDnTW2lWNPigXz+7XlWSF/7JBqJZVbIZ6qyFwo5flthUWkOtyvZuM/XSr1FL8CpZQJzF3hd9YNDT5rHB7PaXmaDVs7pmbzqOCS5ASbJaV/QM7J8YEnxU+SLrxBgbyql1eOndDQ4DgprwIGqKGhItNd0VDXMKnZXDQ50+3MbNjBH+IPNdSX14UmtNncuSLVX7GyBp2YzgZAWTkN3pbJlo3a5mPLxkyo3uHESWbZ2OpGzviQusE1NblwLcSEaPjFTm3Q4Ec5C+hGMy/xxZKmBhRyGGqAUbJN1wJc2c28ZIeDmkRJOc7vi1uLRzi/LR7eWkwlCDuP49Er3xPtic7Gg2HTP+5WWo77NPqZ3GoL3AUqZUv5DL4ObRX4PPnMh02sCC07FbeSr6hKmeYkN+UjO1l98NKknBHOQ7XDnZ/UUt6R2l75sai5lHeD+5cc+FTUNtz8VE3VWqg7ve0rWBr/Qjz/Q9qKNL5B+Yv2UNx2Zae2Pe6dpPeSbQlxbFXCqkTucUSQyhJjEzyuCGe4o5ll+cJHRjBfxI0RPCKCJTQz7otyxebF8lhfTEJh7IZUjTWz8Y85VbfK1WazxVeAZHVD1wh/eEs4Dw9PcB5Y6LrRdZ9rq2uvS3MdNA6MzGJZKTkJBxKvYAcouccbT4pOfDv8yLdHRji/nwVaeyS6f14tlbTmzDokHyI66wiLjukf3Z/EU/6H7rJZtbVUG5udkNC7oG+fQm9mF6MoIRjQjexBvHeB2P2MBDwos0vWcOaMmD3q3Ctmj+5b6Zp9ZfWwodPCAq2plz111avXXvTGgtsDn7z+XOAYW+KZfvn19RdfE/+xMuPcs6un1PVcct9511+67Ik5qbuXPBE4+jEOAkIj9uIEa5CDle4gwzzgsxf1L9S74WGIYbB361Oo+/BA7ICvytMVeXh0px5qD62bIy+8HxVpJeEX08V8qjJNm267yPGZEnW2zrjNzhSH3a4adgaXzIiD56fbVdWt6XGaptscvpT0QQ7RRFhKeqEjmyuKrtqb2W5fpG5wTcUR1xaemJhCzXySL8zF5MFrEVNYM8/y2V12lm9fZOf2nTyLVJSwuzWmJYddcKGchdrhrcnf1876tnZWUuuI8qlln0Bti53FJcXDj2DE84pbc3KKl2pn5Cy99umlZyQJYjiLi5c+/fQ2nQ8ZW/2ovdAeUUg5NZiaSn/YmEp/Bhb1DlLMQKNNdew0Axip49t0tZ/4qcH05cgfj0fBL/PEKoq2N/DXRa3brwo8ywey/j1efJYNDzRpO483cHfrQaHRPeHb75AjP9uXmWfPV/O1Kns9+rTabuhM49nwbgyy2TEE6kL0rZnl+hy6gVHAkZKTiEYrkVU4Ny7iq7nKk22tW4J9rxxVvY37+tUUD/+2FusUD4zAIYyAWLrFWLesFou2jyfeE80+CAxXVwVGqE/++OPPg1DtMPMznPAG4eRbwGb5phsptjQtPSHl7NShacOy/+H8INreN7ki+VzvtOSLvH/y3pR8c8qGlB2pz6U8nxqu6xHxCXpyQle9e3xN8hX8T3yD/pj+rB6+t/BtJ0/PKugV3TMiy5dzRmGWr0s3PJLTC2dmHc/iWRXpQg3yI6MKz0xnlO5M96f/lK6mp/dkvcmH1ChyQbRxHl9adInHl+rEIyml0NPM5z6mGuERjp5gb0KepMiWFCV6ooTPFxeW0ctr627vFlHjCr8vnLvCmRnOwn2RCYXhKSMLWWEdZuOGfMZY7+6eiYnsg0Q2MnFi4sxEJTG594zS4JjOmo0FPetI7Qhn7fc5wdghYQyPYNYxsNCnnG9rcw7FiBWeE1Sixrx0NqvmSDCyg7LMlsdT0wvHZk3J4rU5NUJjoIpKpDM4JbNgAGaxrn379i7AMlfiEhI93q7errqe2cXbp7Bv36K+RUF7wHTd0OPjYCmQ1LcPm2rmvP7q7uZKJTU78EWY01CG/rn2z3vGr73pmXOqZlaOZRf0/SKrqLrsnPLezjD+4Rl33VKz/PFA88ol56QVJdsqKhqXTVhVmZbtThtVPjDwekxBUtfigeMLvEVZUzHkpdCGrtCGOEpjD+wgp/mjryKs/532uyJuc27UHnLssu+KaE6x2eLYUH6WXuEYmbExYru+PeU5x/PhbzkOhP9o/BARkRaVFu9Dz+N9kdGFUfF741+NV+LFDEVllEgamQjKV/nCoyJjqiLrInlkUgxDxvbk1ELWO4ZEmXR3oaRdugdpTm6QJqVJ6ouCmqwTHocTYk+MicHMN6lhMUlCA7LCDPKwvHjPyEgWmZKXMTFjZsZ9GWpGlMfmi4gqtCWnW7OcM/yImN9aYcMxtXAIfHFJvm5xJUm+jCg8oFpJQgfFUq8paUX+DoqBECgRI4RBoRhLBQVtDBWF+kjzIBkIGTH9hdCNiYL4m+yOQTJa6inJIVH+kNCMWtl8pA+jFCkajRTNR/owWCQrlUZsNuwYi+4tlvQsqs1hGvTF3dXbx0m9C0jxyP0k1iv2Ez2RH2NJfT/fGji8ZAaLe+MIi9FbfcriSYMndFWuHH9+cTFjo/Puuv+xNe/h0JoTeC6w59oVQ9mlVy8cMmQOfAcaDV24C7oQgfPs7b6hn7FPbT/E/hCvPsc/03hMspZs5zXO8bHjE2qSbud36HfYbg9vtu/n/9Dete8P/1T7VP8swvmQ7SX+N/0p27Ph2jzbcv16mxKNCWp0hCWKeYpTjbj+Rkpdan0qT430UHJKdam1p45wzvp+uJiTkiO98mlWLbo7pNpnn+GcFjMtYUaSymprCImxhTFYPxTcJb3ZcW3bqT66ofXuf7LCwAtf3hT4oYG5b7v88ltvvfzy23iXlUxvCDz31T8DT11vbrx348Z1d2/cKPq7InCpejv666Q0ust3Rr/YobE8plDpH9E/tjC1TBkWMSy2LPWnVPt4fbyjJmZ8wvikmrTvjZ9SbYz0FNErzYgTvUoIC8OZNdFjS6nPYBnR3SMjo7xOJ5yN7r6welqElpLTS4L9hNNQ7IR3dSjU3WLR4RJpsdE99Dhimj7NMQN9npY0I00XnY71xAubQdFO9NnbFc5Yu16vYHrvRy7ewXjg+I7qG0cGPmUJN0ybvPhPF160TPXeXTUl8H6gNfB94O2Kca2fKzuaNt/T9ND6+0wz5BXwBMqCvpqhvQrxIhm3dgnEcYaHC3cb8teqXoqkRDh1S31p/WL6pQ+LUTRFC4tT4sKylOfDP1E+Dv8sxm5ENfMHfVFuX5a3cKubHXUztzsS0/9gI+lJIis20mHEelQ1zbPPwRylXRKTvJFyhbuzCtdFsqOR7AMs4xKPE/v77ByM1ve1R3rnHektlUPY39k5R/rLBRHrKYDDpEu3Sc/0MGtYMqNDgdv4RXt2XzTi8ku3N7ZeyFIfu27eZSsee//KyxdsX616G1bUXJ+Qekv1NWv5ZYPPGtK/dfCAyhEDoRnmT4HP1E/Q2wiKoSWwinzudpseoagOYXV8EDrS68LTEbGTz6Uw2IO4pMIwafCiJfV1sYcXhv0hzukrH1ro9MXEF7qcrMTJnM7VNmazxXg1jYu9TTjKXMkLdi+vtrfYWuCLY/GLKNQDu3lesVgRHk80etU3JtYT3Ts6U4n1cENlx989NGfoBXalZvbHD7DAlug/BD5jgSo2lt19vCUA35/XBIbeL2bTsvKYzaHioo9WYjYvQP/s1ORzMR5lxPNko4IPM97k/zBsRcZZBh/FJxrcUDhvZoovy2bE2WyI2xSFdHh2imJ4NR/mSysO2xeGLnGvHf1+DCn2Egd60FqQVwtzCyK9Eli7/kulMxbcLLFlG1k8xyjkA43BfLhRzxcadi78T3t0YqHRDQ/EPns8KbvQSMJDGsRaOGs0W8x6NBMHE+ZZySJxgIkLfB04O/C16m2dytf+/A5/qLUGfVyGPnI1lzJos6+LZsQb/CLtiqTlCcuT1eS05PTkpCRvYlxcIpCckhSTBsV8lHPKCBca6nHopCcmZTimxSyP4UlxyTFqYlgYJToTeWKim6V7M8RkY44F9cUKvc1gzoyjGfygeGSUuJytQnehvNFyXqMT+9cKB7WkRHqnrf3lgMA9jbzW+TTDZhHdP2gC0DfpCWDBJybCpuM3ITEhMdajwMZHe5axpIoB3fv6fNPdI9lMlyur1/lLztf0ewKvr8wpGQSt9QZG2Crm39Ozp7YzPuGym7tkP+kIC/yD9a7tExgoZn4t1v0UzHw4W+jLcvjiMNjica1xrYM78sMjCg3x4PnhkYX2pOSMQhtmwWdHQBEx7NkHZczuhqbbZAwBxYkH8o4GY93gWSN2oBHUmm4744rdpoXpejPf3KhFhu3im8VVOkYvxd4DMuDhEA/uMJRwEkpmD3fIEYPuJPbH7LO8I843j4hIapMNR4lm5W6fw7DFGYaN4RAioqmcxXEchw2HYlfgRdlQh2IzmJ07pIEJw0RFFruNfGiymMC4eJx5+GZfhubzQJU1J9/LORdhzvMcJRgRH4o4dkLW8KByh5dEQLmP5NT2Ts7DIylPhD8RmzkOfP2FvBAYIp588hCHjJy2H6HL8A1jPYyJRc0ylejMtex87MkOdt5XgdajPxyFKqfxQ1DlXa3lAmINW7sz1vBouYaFfhdhJg0asoM0mKUk0hX03MvFutzKmYmRKLbrXnnICxc6arCjBjNKbDi8woRiN8JTbkE4josFhd9lytbAp4HrAp+q3p/fUYYc34OWrX0SLY+RLcdjQ3hLtly2DQMpLCLpmsPuw4Kw72QpYlqbHOFYwWxHo+rVmoNRTUSNp9E67MK3OZ/kUEmJuGOIFccU/MYrTwS2oPEtqvej43uUIWhpNvroRkuxNPQxW/TSaK6L1ZkaFUXhdoKGeL8KY2Giu2HF8dx7MJbFWkYotiQO81R7RDzkjUYeTubCsRC7aZxwmopkf4Xv7e0zm6W5pg6vrBVXEX8e/8dXzsEyOnfcmV3YMz+/wzb2nPnwalLpASLbrTjN2SmBupCXxfgGh/FU/lPUDwmqLVX3FHmGpZZ7NkbuiHw2/KXIF2OeiX87LPzvnk89nOuGx+hl+IxbDNUoYDyOQUW5rjDuFrtiRESK6FVEVJwrjsf5kl2FcXGZYlRTvV7dbtN1XkCaU+OEI6Jmd2RmLkpk2E43YE4dLEpsQzems3QkNDmzspzSMIUVOpv5Spzs87rh0GMU2C1zZd/BV1DXkHn+Pqcgz3lkVu+8WbXiKQzTrNqgxe6dB5oj9yXos7TdtW3Ge4eY4MftXcWy7SpMc43lnUKlxajiwQrFKQebshjg9l6agsl+gHXhpSwp8Hrr84HD6tsfbHnk4ISHluz+O3MOGlTqGzhwSNmX/KXWPjhK91OeP1ahPHJ8tJK8670jjfVb5/3vzRMnzp8/efJVrRveI3n/qPEbFz/p3jMxqvg7W7JNvslZ/1GxfEP/lFp/07Fjx1udZItHWTvAgq+6iIxBgRE0xEnHjh272klWettPRB/dSuL9LWyiZuUlqlfnUAxQYaRTjfYcTWCf0vnIuwQYoqRTmrqFxqH8PMTngN7M+5utKD8eWA/0BoYDXuA84FwLY4BS8LwAbEIdE0U9kn5EFxsv05loi4DbgEnALdp4uhV5t+v9abJIR1srUUcmwnci/R59E61B+A7k14iykgr+8XQ28nsifLM23jSNVWQgjRBuRXoC2r9JyAzqRftz1DnmEYR7oO5hyF8KOg50rCVvkgx/JHhkX0Ufl4swxmcB0tcAo4EVwHkYH8GfDz4X4qsQDoNcdtBwIFIl6oIyxfxM8oPmov0hVr9J9hv9aOsT5JcynRrjhHztAZlEvz4HXgb2tZOtI1adhDlUpvSW8yf6HAEM5C/TYIxLQPRL+9j8QQCadwD92gVo6hTqZSNzE+Qs0R6lOxAvAIol5hBT76aZyreYg0fpav02uh/pxHsB31M2/5JS9GwqwvhVo/5zgamo8ympD1OEDOaXoC71Y0pBXXXAxWj7hdA4ibFBfCjmtRplj4sVgXG9HpiBMbgDmC3kQ/t5Yswx7z+w8YG/oOxBtFMpgDZdEuh7cF5pHvhnoS4m2wnOQ5ACyL8YY/oIsBd4QsgQgtQzC7KuTaTwTeY3oLFACvAysEboG1AH9Bdl0L4D5R1SX6EzQjeFfgjd0J6TujpGyB7sg1wLK6w1cxn4zwOSgW76FjrfQjeUFeMzWeisWC+huoVuCZ0JUanTl0i9f170U+hUO3qL1kKjhAyyXehWiIp1h3qvElSJlzLdpeyn1UJnhb6FqBgXoWtiPYo1YdGqdn3taa2RnuDPkLoOXQzR0Fi00VfpLtQ5Xl8DPT1MI9R3aITyNxqhXQV6E/q3A2noj7ofNiyHRtpaqDvmciR47+xA7xAw9rOL0daN6maMxX66R47rft5F3Y8daLP5uUbsBW0zXyDDv6AdwVqCeYIKtM/7ven/Dvhb2maahvAX2n7TRH9uEmvCOMzyAXeIIr0RWAT0sOWwO2yXsGZjHDl1om+BmaqPBmg+KlJbqESNJx/GKRvp4/SzpN1djfqfY4dpFebrT0Y8ZSqfwzaiLf4W9gdA1A86vJ0enaRzHXUpREP62pEKnRF2F1QDTca62wnsAt6x8D/Ah9DHocBZYm8Q9lnuD7DRwKqgvppH2vTzBbob9IaQfnbQ0x4d9NPoqJcdqdhbhH2XewvWKeRYFeq/sI/CxgkbKeyc2PtC5TvSdvy3wnb8Xdrhl2mCta67A/lAHurYbdmRXUqz+S3W6Gf6G+Yuo8Tcpbxo7tLvNDcYl5jP64+ad6Pf3dv21JagLRPrKbSXinES+2JoH9W8NM2yZ3fJsmhf7qPjpR0g/Sqsv4tpMur9m9hXxTpU7sa6w3iivsXqRrpU/ZBWQ/YoZWswXR1DI4RNVOcjjHTYdJEfpqyW+aPVb2i+2h3hjaBrKVo3aL7+pOAxX5ZpHwXzRJo2gW6H3uWpy+nP2jaqFnMl+sH7mC+KuceaT7EtonsMgg5/SHepx9DnFvTxOUnXSn0SvE3mMdE/YyAlagr6J8oAgke7h9zWeNwmx6JFjtGtUocxFqJO/U3pb5B2AOXvo2ttDrrL1hX26TtKMWBLZFvb6FybT467Kvfrf2J9HIaOjaNlWpz5k9T/LaapHMMaOoz1JYATjxZPydphWou1tEyOT5CuEOtHOUzxQkfQv7HSnzgMHX+QZuubaaXeAr3bj71gP+btMPpyCfVDeI262fwZZctRB4m2kT5K+idin/KZ+8R6MVooyfChfZQRMkj/D+0qH0Pem2kZbEmp7TA9oItXncSE05gB9ApCxhcCC4CVQcg0Z5AyD+q4VqTzqfQ8pOBEJhNrQf0L1t5aKlUeIoc6Df7DF7SY59FSZQT07gj2DIWuFXG1J3VTjlCl8qPcf5ZqDiqS5RKwj39GVWoN+FtoitpIUxQT4STgVugj+LRmmqBdCD/rAtRjgfcFj52q9BUI55lbRDnZxo9mgoB6FRVIvnaQsoYgZF7fTuZb0as/Qh+EvAi3l1fI2ianJeOp5JP9FPWCT5b5B5VinN4FsoM0MIqvos3AOv4O/PAWWsBuM3diXCs6YGj7uLqALQOqAFVdQPeC5oJ+AewH7gZ2A/+r9qElqPsJ0CZxLhDgf4XtAkX+g8Ae4P1QXnuIdk6V3h7qJ+bO9nGtgPoL8J6w6T1PzpPl76VC9UrY4Xxzp4AynxwCeiR1N2zUnX+I9PHg6xDXutHt6kyUHU3Kb8n0a8BPfrtx9LXvY2g+QBP+BbzbjroFxfrKFfvzfyLfvwPM70LgIjn+6+gMqUOfwSc3zKfYbrqAHTSPwZ7rAsE4pcjxvJeiQ/OE9GUyvcP8QVf6ijHvmI5wsUAo3nFefyuOeme0R0gPQjAKyCegvo/yQMc49gOfgC50rOcv423tng5jqRDjVKGOhSwf/jKuOylPgNcjfgfyP6GuAm3xsdRdQJQVwNhmCmCsdwrwD8kjoIxG3mhZfpBAu3GtFuOqtAheyS/nJ6TnHecHvKQ+DXt0CD7zWErpSNuv2Y7rtmNayJacqkyHtZF/ujr//wSsnReB54Bn/6+2Az1nBF0FnASf7g34G374qg/gjPkSrSJqXUb08xNExyfCDmEPPv4w0sYh7AX9J5CEtBmg2I1+PohwPfLeBF4G1qmpdKXlVyYjXh7kbd1g1Zcd5Bd8x+Dt/Nw3yP/zUmAtwq8A0LKfnwK9BfQ7lPeDrwYUPsDxxaCFiFcB0IfjryE+CMC+f3wA8DkAOY/DjTmeB/57gfnCHznFOfS/S09z/vhXafAOgGqlzwl5O54h/mUams/foB3PGqH5/y0aOkv8glrjAJ/vRYF2Z59fPeOEKObzJwvfAl+py81W+JSG9KPhy0qfW/iPFpX+9n7pTzLrTlFS4TsL/1X4zsJ/Bb1bnvNehTxz6BxxzpdyhfaRdraV96SpQIIF2D0agjKvQ56jsD1R2F+/g2+5WsC66LwgCPMl7F1RsLl72W7zO9CXEU/HXmYP7Wkh2/oLG/vLPe3/avz37pH/xp460sKMDgilT7PQMT/PQheBjnvx78Vv7d3/9l5+mj26/T79n8ZD+3wI9kFUIGD4ILfvl35pRz/gt+K/5ef+3nhHv6NdfJvAr+TLeEe/JBTviF/k/1L3gv5MCtZbCB3W3e8F1ulgdab5dmi9hmTouI7b1psV1xdSGVAeomwjdYMd6Q6stM5dmQhjDzSvFvub7TgV2B6mAsQfk//WRNocsya495kr2aPwpX+Q/85mCeKG+rIsW22h5rf0uaPeCv9c+ocYMyn7aszFt5QHDARigG3AZW1zjTMk2n5eqRLfPuB8fMj8DnV9dzpf8HQU57zZ4ryHeBTiUbDFqfo2yhD3GvL83YLz60ewi8/RjBN3fGar3iTLnC/vlt+hEbDz03Amnql+ZG6R73CScNSYHXqPIu/W7rTepaSKuyHjK/Hux3zYup8bbyRhH/yGxumllCHfQwTv4qeg7IXibor/j/g3avIOOcmiueJ+SuxXene5x0S2u0ceANSofakH0N96T3Wecgx1r5e8K+Q7mZ/Jrz5M48W7MMcmusX+HN1iQ3/s4+keI43uUWfTzY4BdIdN3CGn0RqxX4X2VYx94BR3f+IuM6vdnabsc0efQMrXF3a1v7m+fbshPtsQjM3o4Lsh6579V30b1FME5ALfAp+c+r7TfNm691xk7fEXte35He/p76Uz1O6yveCdLPZsLRz1hEvZ5Rh3lCXUFsal9XS+UMg3se6oxHu2xdY7uEIgzkobK/2CUjoH8zVS3JlpSylJbaDRfJP5dFsZ+EzyjvEVqbMNQk41+N4u1dK5m7n4LO5tipN3km/Kd3hLLCyAnm6Q78wOy7uw0fpmQNw7mjQaY/XJCWBttcH8RN2MtgTkez/zaQtr1VFSP5Mt3UxVf6Rh6kapMzHWO8EodQ0gxq4eOtrXwhzx7k2+35NUjtVhjHsDjZR9FHdzm6G3GB/lXnk/eF6orK2ExhrLoa9boTuL0W4FufQ7gG8pSe8D/7AB/S4H72Jaxv9JBQLsBvNDriIMQQQUogIVnjlsD4l3v+KdsPVebR5wC/oj3m19I8rJssF3uQI9BPgm5rHeE4bCscGwTHvRwjcWNrQDypn/A/zMj4ibQ9TPIdf/BmVSnNDVDgDPZAsKkC7eAarnYqxOxpCOAK+geR2BdEGzO8JKT+kIpAs6uCOQPvgUcpyu3OnkOF26tyOQ7v0vyHG6ejM7AumZvyJfZUcgvfJ3yHG6cc7qCKRn/YocIzoC6SM6ygH7tBXYizPqY2L/xF59Jaj496Rngs4EHkEY515zmhV/3io3/QTEj+myUAaIszT2Y/NL4G5g1AmItsx469/kWu2YlyD8NehZwbYEb2BXsG0Jq83ABkvWx4Ed7eJCdrQd+DDYnmwbcgR2Bv0Y8y6r/ECr3YeCcgcSQecGy4t80UfJ99AJmFh+Jux4q+jbmBMQsgdw9jfvD/pMgWZrLNcH223FOdFMBnKt/GUn7AI9L98ViXc72KttnEhQYWulzZ1Bce32qtA769uFvdMhjVpM6Tp8ONThEH6DsOHyPAm7L8+Tf5fv1adIZGEfeRPx/0Ed66CHkbCb11M30YZ8LzNHfM9irhc+h/ImjRKQvkaL3KtLxX7gOJNq9AGQ6VtKQf2pxiu0Ur9AfF8i97wwYzriF8HvEO/IDJpvu5dWGgeQr1AF9qshofTQ2VZfYppaTwoL0bABVGPfg/Tr4UulUKVoz+hD4k6nKNR22zhsEedcOe9i/DcBDxMdzwHOkTJDXtBo0NTQdwNyTF7AmVyhnvKd04fIZxShJ2JdHaduhh3+xXZaZud0pzFRnt0nqfed9L1Arnj/pL9OPbXrKD50dtffwbheBl/aouJuJHQfoN1Dd6nPo657yC3fa1n3AW00VId433aY1opvJTr6NSE/qs2/se4I2tqw+iOo2Dvb9V/Sdv5G8E5hG50r3o2J93jS7+hAQzKJ93jiXRrquUD6X4PoAuNq7K0PU4X+NA3RhsBPP5uG2FLIbTxIycI/M6ZBN4W/Ju5w3JSrrRXfEZpDMD8vgF4B+K31Pd5ac38Htli2Y3QwXa5NpLXeZaVfDFwDzAjmizxzYTDc+lWwfpl3TbB8q7BV4h0cF3c0FlqD9zZyzf4owu3G+Tbp0/+Sht7d32L5rb9O/8U7NLGGxTdVp3jH35GK98MDQ3Gsz9eDEL6c+UrIj+5Ig+/7pQ8r3vsftuh7Fn1J6Jrw9TrSjt+vnO57ltP7sdY6C9GTv3vpSGvavsv5Daq2+07mVPRfvbuT7+thp0L0l98fWHdybdTyyzt+h3OC3gQ/7X3Lj40M3ivSKvltzq+g7Ruub8yv9W/aU9hIQHzTcyroGSiXQWQ8Yn5tPHKCym8MfgX6jeC7EfuLy/za5mpPKU4AMq8OwtwOPA28D3wJNAEtCjO/lv8HkzXm1/DV21HsHWvk+eRU39eN1u9Bu/egnXFoD1bceAHywgrIbxp+BfDZyQiAb7Ls4zdiL/xVvIJ24C3Y/oR2/gSeY2jnmKTfCITGPTSOoXFB3z6V8xWSOdS+Ve9/Oo+oc+Wv4fTzYn4j8N/q96/Jrj1nvga8J8JYS+9a55J3g9/uoY6TZb5Byv0J+ggY5wYhv6XZZH5t4RuM68fAP4SNsvCk9c3SZ0K3FOiAANqxgHY66sE3Fqx48Psbs1X/xDxgnG2+J9aB+PZHQPhSpxofY6r5GnTwPeM20FfAc7E8IwnfS7x/Fnc34hvbSZbt89hfxv61St7JuMVeb/NDtwn25wmadrLPZ46xbLD4DlZ8UxSjN9FYJUDn4ry8Rg2HTXrL/EQAbV1v4QULa4K+n/kM8JT1jaRI/0t7KGdQhgDCA9AeWjHvsfxt4cfODkL8k3qRfkKutm8k4QnjrEvo2yTMd5T0X+6EbHfiDM5opfAX5B4RhfP4fLoBPmWk/ObGOvfLu4d/ggbhwbiMVW+S34yOkfgc5cR3NYD8Jif4ndIoPYtGqQfl9zXBb37Ft74fAF+D90v4nONOfFsj6hD+oPCLlI8wjrApynqcceE5Kw+AjgtCVUCvwRl9NnzU9xH2AxlI7wJ6BXAlwl7Qq4HzgC1W+h+oQItDXRrCAjhLq9uDVLHO1fJs/WoQihttIJ2/iHLXUyH/GmlDAQcwzIIosxs+nsgbLMsV8M/RxjnkUFKt8BDkvQPYgud3ea/wtZUXKjP4RBntCFU47oBPFQssN3dqpeZO9jllqGPF90NmBICZDIjz0OOWH4XVao4E7hX3r7/4LiD0ntyi2vPUX7uJCvQEWqwlUyXOAqV6FPbhauoG+yO+vx4XPBMFxNluuvieWHxLrOwP3ntb9+MyrO+jM+zX49wLL8v65lhS8e98xP+EgI2Te6f8lp4J721z0COT309jrYX8XKOOVhn3w5e8n86zbNEk664rWuzrCPeXd0LdaXDwGypzcNDHN8V6GAPb0Hb3Kqj4pk3oluULivJblATxzZVZJN5VKGeK77Uk71BgGLDAGsOzUe+97d4/bRfo+M3G/+v3Wx3fT53ufdFvfZvxW99q/CL+O9+pdPx247e+5fit+C/ewfzG+zL1I/MJ4UMLO2qki7C5H3hGQVgAumwi7x3okgflruNHsWbfxf7wM7msO9FUpMfBfsWpP0r9WxqsD/55trxzFXfz9e3+ncMK+K7ThF+q7DSfFnZOfodI8s5yWLu72tK2e9pBNEraWthU6652lTinSRvkkNCFnRE2iB0lB0DCzsh7ybmIe4J2SYT5fKyGGxCuQv6woJ0SNkiZCJ6JSDsWtFnSZgrbJtYh7JXiAy5A/AsLsEH8ECig/DUoB/9MvKsJ3BSE2HMC94m9SdpOHqxX3kMibP17FLH3ie/WJ6Fc6W/5S5Z/GfIxn+4Y/y2/EGVeaI+O+W3vcD4Q3/rDX3iOEoL/5sU6d1nfRuu95XlF2h3MZWq7+/dC6865UM7XcoqGTUn9xblAoZlibkNneozTs9a3JSE6MQi5T4tx/FTaSka1sg3YOEvvdOnXiPOdODtsCr6LsM5+obNcgqVb3dC327APLhPf+Vv7/W7xvsXCnwWE3NY7/0v/Q+w8NXjMvwdl5X8P2Pl/N/T8k2Er/tdg70nk6NaJTnSiE53oRCf+P4V+/yUM/TdRHURYRRDhCYD3BCIcQUS6g4h6x8IXRM6xwBQLr/wS0RP+3yDmaCc60YlOdKITnehEJzrRiU50ohOd6EQnOtGJTnSiE53oRCc60YlOdKITnehEJzrRiU50ohOd6EQnOvFfBxN/sYm+pmK6kXTi5KQ88S9X9WP8SdKIbxu7qDRC2UJbAWTi6QbWAQr5lC1NRkSBrxk0Jk7SxoScgh1mCwIDesv03FsKFu1WNtNE6o3kzY3jRPLmJl9ZgaS9BwZpXi9JG23BbCOuwFWaArY8gFOUFRoJ3AjcB+wFdAi0mT4ATEBRNirrGytcqOFBVBRVGqc8iO758HwVMAEF0j+IvjxIX1kpKqR6oMkeLpp/QHKlKg+AKwpPJ7AI2Aq8Cmg0E8/7ABNQEFqPvPXElfXK/Y1Ol7PUodxLCwGu3EVRjJELtd/R5JRjc2dTVGyBr9Sp3EpVACe/MpxaAI5q14BtjfjbYEplY24vOYSVTY7IAifKr4DQKyDICjS5Dk8m4z5AlF/RFJsgqr+uMSpa8v2hMb8wGGhyJhVUYRSuJKZMVS6nTHIpC0AzQC8ETQedrEyhCCmnrynKWbAI7ZWgeIkST92RXaokUAFomZJCqbLYvMbIYDvzGrv1KECPhyhJskiUEkGFoDbFaCxwuXcpPjn4y5rsYUK+ZY3O+II9yhLFoDiUWoRSia6oPYoDM+uQPRnbZI8oWF0aroxFN8diWFyQkWGUL5cVXd6IikqjlXIljRKQd4mSTvGgFUqGpA8p91MF6D1N3jRXyy7lZsl1k6gUzQ8KqtagpojIgpZSuzIIuX7lBkzADbLx1U3efgVU6lW6UT7AMcYLEVoolb4BoQbMWgNmqgEz1QChGqB9pCxHznKUyVOupnrlCloN3IewUKv4RgzoDhnI6lawQ0lWkjAwzl0YSobUlCZ7pJAsqTEmVhZLagqPLCjZo8yBns9BnT5lblNiUsHMXUoP2ZWeTUmpgqG+Eeq6R0kMTg0YE8SU7FHSMBBiYNKVjMZ4l7/UhbhQZBcx/iLfJwaJv8H3i+nmryIu6EsWfdmirwSp2cL3BRcFf13Qg6Vp/GNUNpG/R/chxPku/hTlg+Ed3iyk4G/zHVQCegDxKaA7QHuD7mz0PO9q5s1NIJB9bWNEgugsf6oxJ88KuLKtQGKqFYhJKCjN5k/yJygNVfwdNAv0Cd5CXUD3giaBtvC59DzoY7wPDQR91KJP891CxfnjfDv1A21qjBQi+BsNQbY26oI80kjBWFWeazd/hG+mFBR9uNGbgtSNTd4sV9Qu1Mf4g3xuY7orptTB72fV7FsUWkcHBKUYvr6xSFSyunG327WDr+arfUlFvmxfrm+Dkp+dn5u/QXFnu3PdRe4N7lInvwEG5D6O9ctX4FlEbg7tAXzAar68US3yl7aiT6JfnBbhuU6G6vCslyHC09mWe1SGSvgSGglw1LEAWAgsAv5IKp5XA38ArgGulSlzgXnAFbAm9eCoB0c9OOolRz046sFRD456yVEvW58HCI46cNSBow4cdZKjDhx14KgDR53kEPLWgaNOclSBowocVeCokhxV4KgCRxU4qiRHFTiqwFElOXzg8IHDBw6f5PCBwwcOHzh8ksMHDh84fJIjHxz54MgHR77kyAdHPjjywZEvOfLBkQ+OfMnhBocbHG5wuCWHGxxucLjB4ZYcbnC4weGWHE5wOMHhBIdTcjjB4QSHExxOyeGU8zMPEBwHwXEQHAfBcVByHATHQXAcBMdByXEQHAfBcZBfsU3ZV/oMWPaBZR9Y9kmWfWDZB5Z9YNknWfaBZR9Y9lldnysHg0NtFgALgUWA4G0Bbwt4W8DbInlbpHrNAwSvHxx+cPjB4ZccfnD4weEHh19y+MHhB4dfcqwDxzpwrAPHOsmxDhzrwLEOHOskxzqpuPMAwfH7lfJ3Tw3/I6u2Ya/li1h3SRfSl5IuoAOSXkvbJL2GNkj6B1os6dVUJOkV5JUU9Uk6l1w21ugqiipNgAkYCUwEZgL3AVuBvYAhQ68CHwAm7+ProkYZI437jK3GXkPbahw0eJQ+Ur9P36rv1bWt+kGdu0tTeYS0ozAtdKN8LsTzKwCbCJ4lMlTCC9FuIexsH/wW8kJf9BH3Vz3Yqz3Y3h5saw92Yw9WaudnMVVaOjcVcQjOqn3h3kGuA0CRt+sgWKYbtn+Z6Gr09nU1s91B0t2XA/olsA3YACwGioACIBfIBlwyrQfKV/u6WFXuBroCHsAtmqCEBIILGW3z7eARbEPTMxFkF+107Qa+XY1d80GaG7uOBHm8setkV6mdbaeuwitij2HmNoNubXQdQvbDQbKl0bULZGOjqxCktrHrGSDnNXZ92VUawcaRSxWsYy06Bv0WdHSjazyKjWp0dQfJaezqFaV7oKFs5HZn1XQINNviygq2lNnoGgjSpdHVX5S2UVcx8UynXCmeBgiqNEGgr3awapX5wlxHXDe7vgT7YQws1ONtd7MK8mp2Mxvvc7h2596LwqWuxlKHKI/9YZtF/YI+5tqQvdy1FnWx7O2uO11nuG7IbbYheRXkXi6baHQtdos/qRzrWuTKd83NPeSa4zrbNck12lWbLf70s+t8124hJtWwar55u6sKFQ5DL7IbXWdlN0sRK1xXuXyurq7+7t1ifKlfsN6i3N1iBKgg2HpPjG+P7Gah4+OKmlm0r4dx1FhtnGcMNgYamUYXI8NIN+JsMTanLdIWbnPYbDbdptq4jWxx4u9W54i/+RqnOwXRVfFUZdjJxVP+H2uwVTEbp7PJH6tU8soxg1mlv+VCqpzs9n8/JrOZOUZN8GuZg5k/ppIqxw7298upbDbM0f6inEq/UXVe9TbGbqhBqp8va2Y0trqZmSJpSao/Zggyacmq1B3EWPKSVTU1lJQwvySpJGZQdP+KslM86qzniT8jnZPUPpjuv61yTLV/U3qNv0AEzPSaSv8fx7jPr97Bo3hEedkOHilITfUOtZ5HlY8W6Wp9WQ2KHZLFoM2RKEZdBUEx22Byi2KwJ4NFMcxRsJwX7CjnEQTlHBHkleW8jghZTmWi3LYD7vKybW63LJNNdECWOZBN7cpAY8Bbts3rlaUy3axalGLVmW4pWHdZkcuFIrkuWYTBr5MVuZhszJ93oki2VaRPW5E+si2FnSjjCpaJ6xYqE9cNZXL+w5+pg3NYU695C54qn5pZXpdZPhWo86+YPz3Jv2iy271twTyR4fYr3rrJF04XdNJU/7zMqWX+BZll7m29njpF9lMiu1dm2TZ6qnxs9banfFPLGnv5epVnTiqraSopri49qa3lbW1VF5+ismJRWbVoq6T0FNmlIrtEtFUq2ioVbZX4SmRb5TOE3ldVb7PR4Joh5wdpEw9zQIfrUj01gxOc9YOEQu8Y6ElakLpTJbaRwnJq/OGZg/0RgMjKLc0tFVlYZyIrEslRVlbSgoGe1J1so5XlRHJ05mBq+2PpolClv8+oSr9nzIRqoSp+36RTz9kc8SOzk6h8Rhn+Q3yuBH7bl6Q5p/yZe6qfefPmzRGPeTlziCr9PcZU+vuOgiSGgabqymqQdkYoTVFk2ja7vbzZbEFmDoRgc0VzIpTDcjCC4q+lk8HX6esMLo4Kc5tS0gtm7sEOvhDAOY5f0Zgnj8/8iqYu2eL8Mrcpr0+Q4rgqaGOKp0D8Te8isAqaHaS+6FwEVmevzl1dtC57Xe66Ih2p2zcg0bVBbKWNeRsUmpszJzQQCM6twWBDLNHe/Y1p6bLhdSKQk1OTM4eF/mR9h5/QH7Q/MbBzrFrnyOrnhiYkmD7HqgQzEWx9XohtnsUkM+dJpmAlwVjb48QPYkT/BwDwm2UKZW5kc3RyZWFtCmVuZG9iagoxMyAwIG9iago8PC9EZXNjZW50IC0yMTAvQ2FwSGVpZ2h0IDcxNS9TdGVtViA4MC9UeXBlL0ZvbnREZXNjcmlwdG9yL0ZvbnRGaWxlMiAxMiAwIFIvRmxhZ3MgMjYyMTc2L0ZvbnRCQm94Wy02MjcgLTM3NiAyMDAwIDEwMTBdL0ZvbnROYW1lL0hISEZBWitBcmlhbC1Cb2xkTVQvSXRhbGljQW5nbGUgMC9Bc2NlbnQgNzI4Pj4KZW5kb2JqCjE0IDAgb2JqCjw8L0RXIDEwMDAvU3VidHlwZS9DSURGb250VHlwZTIvQ0lEU3lzdGVtSW5mbzw8L1N1cHBsZW1lbnQgMC9SZWdpc3RyeShBZG9iZSkvT3JkZXJpbmcoSWRlbnRpdHkpPj4vVHlwZS9Gb250L0Jhc2VGb250L0hISEZBWitBcmlhbC1Cb2xkTVQvRm9udERlc2NyaXB0b3IgMTMgMCBSL1cgWzNbMjc3XTE2WzMzM10yMls1NTZdNTcwWzcyMl01ODhbNjEwXTYwMls1NTZdNjA0WzYxNF02MDZbNjM0IDU1Nl02MTBbNjE0XTYxMls1MDBdNjE0WzczOV02MTZbNjEwIDYwNCA2MTBdNjIwWzQ4OV02MjVbNTgwXTY1MVsxMTE0XV0vQ0lEVG9HSURNYXAvSWRlbnRpdHk+PgplbmRvYmoKMTUgMCBvYmoKPDwvRmlsdGVyL0ZsYXRlRGVjb2RlL0xlbmd0aCAzMzA+PnN0cmVhbQp4nF2STWvDMAxA7/4VPm7skMRW0wyCLhuDHvbB2o1dU0cpgcUxTnrov58j1ynMkAd+loKQlD3tnne2n2X24Uezp1l2vW09TePZG5JHOvVWFEq2vZmvN6YZGieykLy/TDMNO9uNoq5l9hkep9lf5N3h8POQ34vs3bfke3sKBtTXdzD7s3O/NJCdZS4QZUtd+NVr496agWTGiTd5uDiSiu9FrMCMLU2uMeQbeyJR5+Fg/RIOCrLtv+eiilnH7haucaXKcVFFjitVG1WJK7VelNINJkLBiQoMJoJSrDYcxQQdozYcxQR9jSJMBA1RdZgIesOqVJgIuooKMBFCKaxKTARtoqowETRF9YiJoLuouFQmQCy15FKZALHUbYGJAFtW1RGvVEVo0dL31OBlBMt2rBM1Z+/DsHmFeKTLMHtL65a50S1ZMnziD6SLscYKZW5kc3RyZWFtCmVuZG9iagozIDAgb2JqCjw8L1N1YnR5cGUvVHlwZTAvVHlwZS9Gb250L0Jhc2VGb250L0hISEZBWitBcmlhbC1Cb2xkTVQvRW5jb2RpbmcvSWRlbnRpdHktSC9EZXNjZW5kYW50Rm9udHNbMTQgMCBSXS9Ub1VuaWNvZGUgMTUgMCBSPj4KZW5kb2JqCjE2IDAgb2JqCjw8L0xlbmd0aDEgMzAwNjgvRmlsdGVyL0ZsYXRlRGVjb2RlL0xlbmd0aCAxNDM1Mj4+c3RyZWFtCnic7b0JfFvF1TY+c+/VvtuyFmu3LHmRLdmWd8e2vG9xFi/ETuLEzkYChOwJBLKUJaSBAGUta4BSWhoosrIgIAVKKdDSAC2U0tJSoLQsxZSyE2L5O3OP5DgmtHx9+/7f//d7a+fRM3NmuTPnzJw5c2V+EEoIUZCdhCf6pZs3uv1/Dy0Eyc2ESD5asfb01be/03gPIdIroVL66Wedu0K7S/gjIbo7CSnMXrl8ZNmrL7ceJGTGU9CmfCUINI+q6giphSzJXrl64zn3fvv2MyGfTYjhorPWLB0hPRfbCZn1fcjvXj1yzloDMd1LyHAR1HevXb98reGxz+6C/BxCMrIIkd1KSOJqcuLnG/B7M9lPDpEHyY/Jz8nz5EOqJMPkYvII+RN5h3xAvqCEymgGtdM88m/7SVwoWU00/KNESsyETBybeDtx98TboCPtFMnVkDML/hOSibSJsemyxNWJeOIZqYroxbZ67mmQvk/HJo5x9Sw/Uc7y3CUsLbZ4X3Zr4r7EvpOGs5asJ5vIOeRcspWcR7aR7WQHuZDsIpeQ3eSboIsdkL6UXEb2ksvJFeRK8i1yFbmaXEOuJdeR68m3yQ3kRnIT6PEWcivZlyxj+Vvh9zqxlJXcQe4id5N7gL9D7iTfJd8j34f8D0D795AfggwlmL8XJLeR20F6F0hZLSa7D36jZJTEyAFyEGyG+VQuTh4lh8n9wA+ANR8iR8iPyMNgx0fBso+JMiZJ5b+6Jn7+hDxOfkqeIE+Sp8jPYGU8TX5BjpJnyLP/UslPJyUs9xz5JfkVrLUXyK/Ji+Q35LfkZfIK+SN5lbwOq+7dL5W/BDV+B3X+kKz1GtT6M3kbao5BTayHdX4vlr4l9vACtH2VvEHl5GPKkS/IBKSY9a4TLXSDaEdmPWadO0U9M3vcB3lmoe9N2uZe0PG9YE+WY+kbk9b4IdQdBQ2m9HdqrT2TtA7q+wjUYbpgJUeTungyaQnWz8OTbZ8Wy2Jiu8cmez2hUZzhr6do5/dTdPhn8hdRM6g9LD2hPVbjDajDtMz6OFm3r0Nb1D5ry+RT27Cy30H+bfAO74KmGf9VtMRfyZuT6TeT5WPkPfI38rH4+T75O/iTD8lHkP8EJO9D7svS6ZJP4fcz8jk5BhY8Tsan5ManlYyTBNiYUEo5ypPEidQJqQiBSqgUfJqcKqiSqqmGaqmO6kFycolqssTwpRL1KcoUoiSNplMj+EsztdBMagO/6aBO6qIemjWlzDpZ4oYSL82mvmSZSWxpnWzrghrmKXXzaBHdAp8BGqQhSBfTUlpGK2gVSAohXwL5aigrErkx0rp40dDCBfMHB/r7envmzpk9q3tmV2dHe1trS3NTY0Okvq52Rk11VWVFeVkoWFiQ6/dle7NcFqNBr9OolAq5TCoReI6SghZv67A76h+OCn5ve3shy3tHQDAyRTAcdYOo9eQ6UfewWM19cs0I1FwxrWYEa0Yma1K9ewaZUVjgbvG6o0ebve44nT93ANJ7m72D7uiYmO4W04JfzGgg4/FAC3eLZWWzO0qH3S3R1s0r97QMN0N/oyplk7dpubKwgIwqVZBUQSqa6107SnPrqJjgcluqRzki17DHRnlfy8iy6Jy5Ay3NNo9nUJSRJrGvqLQpKhP7cq9iYyaXukcLHt1zWVxPlgwH1Mu8y0YWDkT5EWi0h2/Zs+eSqCEQzfM2R/O2vmGBKS+PFnibW6IBL3TW1TP5ABqV+PRe956PCQzeO/buyZKRpETq039MWJJNcVJNUJ5KExgbjBDm5/GwsVwaj5AlkInunDuAeTdZYouRSCgwGOWGWcmjqZKMflayM1Uy2XzY62GmahlO/tu80hLducRdWADaF//54B+Uu6O8f3jJ0pWMR5bv8TY3o976BqKRZkhERpJzbRktCkH9kWGYxCqmhrkD0ZB3bdTobcQKIHAzG6zqHRCbJJtFjU1RMrw02Soaamlm43K37BluxgGyvrxzBx4g4YlXR0vdtgNhUkoG2TiipiYwir9lz8CyFVHXsG0ZrM8V7gGbJxoZBPUNegeWDzIrefXRvFfhcR7xiWIrmNu02qnKbOYyn9w9wNn4QWYtELhb4cPbOAMK9GAuMcss2jjDPUBtJFUNnpKswVIn9QMZ3tfUzop41rSp3eYZ9ODPPxiSLTkmiS8qn9KXHgSTY8LnfOXQsDYbUJ67ZXnzlAGe1KkkOcBkb6ceJ8d0kXwwtJAzc7aningf7FyQcdCNKGJWtLijZI57wLvcO+iFNRSZM8DmxnQt2rer19s1d/6AaO3kKuk7KYfllZiLEg8UpzJcE6zB1oAtZVYx3ybmJ7Pt04o7UsXuPXJvV+8e1rk32SFxww6CSUv9HSOXVqaVwtZsBe/mbR3xuvXu1j0j8YmdS/aMRiJ71rYMr6xmfXg7lu3x9g7MsIlj7RnYZtvKHpVGumhXX2NhAfiexlEv3T13NEJ3984feADiVvfuvoEYR7mm4cbB0WwoG3jATUhElHJMyoQs42YZ1lMPZORifdsDEUJ2iqWCKBDzS+OUiDJ5SkbJ0jiHMn1KxoFMQFlElLEfMJJlJagY3G2Lexkzz/mDK/cMD7LNRUxgSvhHo9RbR6Kct26UclJ1VOld3hhVeRuZvJ7J61EuZXIZLAw490A5zCftGfaCn4IFNUBsFJciz7p0xycm+gY8R21jgx5YagsB8weiigD4fomvE+q1MQyDuC26c+kIGwfpH2BtZb6OpYOwbFMdQpWOqAJ6UCR7gBqtYhu2HKHRUrANGFBsvxMy0Z2D0cEAe+jAqkFxOeujpN1bDWbHPiV+9qDQ4J40b4m4N2ErKH2XMFLA2EjvAEpskIWHDaKSZGoY+VIvFC0ddoO2BbK0F5Y6+lKlDSXLwSUK/uUilLZkIWHT4n0qjTKqCEKH8I+lVUG2JSU+2eAgDl7MXZKsAM/WR1UwIv8UVSYbgHagqIONBf5dAkNlVX/MupkbJz3ec8CzsEGLPcmgOKrxdYyA88f2KpB4K1ON5cxHqJJ9PI5SGZu5GvTO+/riE9/znuuZ8lNY4GWHA1uYxPYALGwyuGe6ILogUFggny7ViOI9e+SaUzdAfck1kwxCuGbCDXQD/zLcGHkiI1Wkm8wifUeIht4C18pq+vTB5mZ5oexhyHLETZ8mcggfb4mkC5zGZqv3lkkv4+caOupll3F9pH78lT88AR9H06pCR2noD2MvjunHnzBUhcZeGCsuogaPQYRRy8lkUqk3K8iV5fjLw+GSOq6s1O/N0nKirLS8oo4Plzg53piS1HEsT/mXj8/mW8azuXM9Nb3FEhrwmV3pcjnvcmp8Ybeuq9tbnpspEeRSXiKX5ZQ3evu3dGY9o7Tk2B05FiWwww48/phEe+wDifaLeULzF0e4t6oG6rKl52pUnEQhvyXXmZFdbK/t0ug0Eq3NnGmXyQ1aZX77yPgNmT6zUmn2Zdp9rC/feA24ib0Tx4QdEiMJkWdhEzf1wykbmnj1gI52++LI2UlWJVmZZAJ8ENirjnNXx8zZKqCIipjze7ItKh2dmf0QXQqmU0+8FTGyvE7tUnNqXq1Oc/Sk9Uv6iaW+vh4UDSFtILN7LFBPQy+MlejHSoqLAuKPLaL4l/sqLhr0pZQPJptMJg2RAbJUUtihcZb4c8IOTcKudpbk+MNOjcYZ9ueUONX0DY0jnOMvcWqylXqlVAofnGr841RaeCKVSvjoy6l0Uqt1oNUwWYJafYQUcdcQD1FyV5MMksU9caCgIEMR534R0UZIRk6PR6m39ehPzKSKaQNmAnOCJVgCq88WUZ2q2uRE/f4ceop5UlyJGUapjFKTSahTucrzGqqsssS5X5rseTKjuyQnt9SlTrMmbqEXmhQ5KoNKqoReV4zfqNKrpFL4EH6iwomqxn/L+TUGpQBSpSE7JxEavz/PBrtszsTbEqvER9JJDlmXmr+Rewy2sxM+lcQ68dZBZkZrnC6MKHS9XtHI3jgdikUkp8HcRBuOBShuPPABX7cFqINO23SS0iDHtmaG0cmxnSqxzrn17Ruuf+26LuAbr37t+u7Eu+7uncMjF8zxuGfuHGHMXXd7YnRo9h3H9t/yRXTRrDs+Pbzie1saOrZ+Z8EZd59T337+d8HG9RNv85fBLDvIQ6md08Bdfyi7JLtEbYtzN8eIOvgQLSQVREkLDxsq4Nc0I56cx4w4LYyoG2ySvF6TOBVTnA5MnQrYdixgqKoKhfRj+jG2NdJYhmnjCAn+m7o9oS0hpS30ZUFpMi/NSGozqUEpf9nMC364tGnDQE2mSlDolNrwnDUdRTPL7EXdS1Yu6S5q2bRvMLhwTp1RJuF4mUalKmpdWBGIBDJCs5etXDariF604sbTS02urMzioCs/U+XJ9Zjz6/wF9cWBotr+jXOH9g4FtRanUWv2ZjpyM9V2jy3DV+oIYPkG0Lt64hj/Dnj7LNKPeh8l0jh3zQGLQZqW0kNanC44GHHMVYsbhc28hIYeHz8K2hv9h7VSGpniMjypteRhHv0diVKnSBxhe4btncQRpVYpkcAHfyVoQyLc4cizqr8Ym/QQ6WprnsOZb1WprPkERn/ZxNvCveAZAmQejv4IcXNXws4wgfdUK/09+h6baDkbrPSplqtPbYaI6h9Umrr+TziB5Mo/IRHubd391AVbH9vVpnaViP7N37a0tm5Js0/NJlYMzuD1LUcuaK49/4Hz+fTUZMaF7nWdPn/Hmc28atLZwX5vg52wmf8NeLsIzcNZxRTm0ji34CDJySHVca4lojfwZvqhmZrj6lJ6vJSWxicejSjUGjqztDTYkB+nlojt1SzKb8vam8VFsuZkDWfxuixXFqcWsrIEB5w1Ea0aZuyw6Gm341iwsxasGFFApvaNiLpbIJZQygcE8CAYGlo8NGaAdGBo3djQOlDf41Ww6kuqmA51/8OjEd02CyH8/rKyZCjBjBMuS3qrpEQQzSXD3WcKl5RX8JuNgfzCPEPF3tPatswrqj334JZ5hpyGovqlM8N60V3bWxetqVl17XDBp8O1p5Vb2+rLBoMurV4m02vbahp9HWe1z9rQlV2eX59vtGfZtZl+syvb4XWm5/XvWvi7tOywpzJSXsrWavvEO7yHf5GUkVuSVrWTnIe5jURLLNRFXCQ7uZGy49QVS+8UHqTtpBg0qVLR7uICcYUWxGlrLKLoFlfoeOCFwFg9fI4xa5SIvuy/2hMegNIpHh98lhRdljTl88VgzMNLZJbqznnB0/edVdF0zp1LcrubykwKCW/UG/yl7SVLVmaGu8OlXZV+jUItE6KZXovO7MnUR7Yd3LjrJzvrwC2ZdBavtToEarv+qvazO30uv0tpy2d7oBP2wGHYAwFSSiWorQPp6Z6CONcUC5QKcW59ROnhC9ILOFvBTwS23MwaiKEEvcDNnCMMC9xtQlTgBMEegpXEwivGETfUCb3h77R8QrR6LWfgtQqLmnYrLFBB8XnEnlJG4AVYYmPJ1Ta0DqKgsUVDoOOSP7AIgi14xf+3zxb9kNTrmaL/jJOtxGXklIshs4w/nJc9/pqtZqihcVlHkU6hlvOcINdUz9/YuOXAOTV1m+8+Y+2+FUUf8QsWF7WFrBw9FiyoGmrISjeny9I8VpPLpNNazIYZWx/ctuWRi1sbN922yH3Gudm1vSGwSzv4WwHsMi0W2STGIptOjkUyIbLonIws7OBYu/9JLPIPW3yNWEQQZmyNn7clurGyduv9550T3VCZGM8o6a2v7Cu3mYr76qr6yjPp2+uP7O5s3B7fvP5Hl3Q2bI9/o3FNTzBv9po24MK8WWtgltsT1woEZplPasl1yb3qKVc+xA1DtBngLo4oSIayvMwjSIpSh19RnHZFNP5OW4d+dpU4g6o47Zw6g3qYQ5q5isUeSbd5+F/tY4oqcr4cpGZgjJpSjsxgMonKIeElVy3Kaaid4VY7iny+Iodaac1zOfOsypyuWb2hJXvm5SaOGfKaSqzF4XJn2XBpcUtBBh3b8siudp0r6EosVGLIqhReUerYKa1TrsqtzTN274ptqVrVU6zLKs9N/K6po2TuCvB2psS1/EH+CZJNVqIGD1OFQksyIZZrPBzJznQrMy1xbkNEF9FmujqsyvQOZZcwm3SJoTgEVvXUGrJgzJ6p/0MmELtFsr2nPmV10ImHR9dfkc6id39peTnTgzk9nM40YzIZZdyFZynmdOcWWTjZFk2GJHFUY4EjpMSulf2Kf1SaXlARqLLJE49bTTK9xUADUquWL/X6MuS82moe38+NZBrkcpPPSpJ3kh9A5FFLQqMlcFm7Klabns/ubDpXZU96obZEsGb3WNndgo3PzG4gzH+Alz5xk4KbrVfLy6iWnx5hSGXh8vKK1G1D+AEGSA41x3Fyk9WuTdTJDbYcV06RTalxlYj3DSgylNrpYzK9LdflD9lVWSkrcT/I6XJofXkB4/iISq/gJWBI4alU6XiPuz3L2ZfL7YOMABJVcnZdMLsuUjeaa4BpHbaHGquq7Mo49+QhYi/tacyL08URhcFgzuoxp2YJtyvxpsW8ZNVR/dTJ5vBB3us9xY2KLc2K9BPXKhkoJMPJm9PhdtWldpXmBcrcemGlqai6M1gz/Y5VU9hcUZgxT6J1hQNw5VQqVPMsRWU12bkNVaW2M/RSr4pNUpWupe76/jLT+DGVTgV5nUp4UoXTVyUyLaW9tZTTpkOJQqfS+F1/icyvz9VQQ6BxuDXxUZ5rYiJ1r+ekpIAQyCfvZJDvEvPJKBryy8R8MobjpJQD18iD7G3+c8kFpJi0ww2n8oDVSuobFOAxc7kF4DVLuHVQrYI6DxW2O41tzXHqGYVdXz9W/+N6driHxvDgmeIApRW+cvEU4GQSrUyGCpSl9rzUmPKJlP+8ZcfoWefsXxM2Fza2Ns5ZUk3r0sxqQVBn6BO/y6sLebPscJbYmmb2h5Z8a3FowljQEc6qrih3UlPx7KrwnHL7uJS+veHhXR2d1/7phjWPf+e8zkJvpiLIcRmFufY8p4ErkOrSLVmldZ259pAnvW7T986pHG7NM2QVudV23aJLFxbkdK3m8pketk98wMf4Z4mbFJI6smC0NO8hrgACIA9XcNBps2mDcW5RJIdonYH4c2HqDheFnwu/GhZ2hq8MQzQnWeun/l+YOndU0+qjkpmgnyH4J56T68eqUgtvTFx4kw4SQkLD5CsktsJMJiqqSSrLgAgwnaW9BifPlMXHqjb+cHNOU319dijXn2NtmNmTf+ZNy4vnzV1+VuLd9PyWYn+T9ZL+wcyM4tkVF+q92V5t2cwiE83t3tidS+H8EYqKeBoMSTiB55y1gzPmnpWetoUW2PIdOoF/rTYx6i5y6yYIx3M0PTvM/Mj2iWPc4/yjJJO9m5NywzGSJo3TWQcy2tUwQWb9o2PJ2Ux98VIu3p+4x6VwV0q8knLoWdn0JRBI+bmuQKZqPJLa43x3bp4qM8BWZjKygpXpJOz51ZDPhbNugPQ9QMLcSEQ5qzF31qzcRl7riHN7I3aibfm0Vvnn9Fr4tVS+2dEbfDIrS9LRaXkTV6i46/VjJ1+uzZAJ6ccmzSCddiEGlU/G6CnJ9DBdfC/o5PncurX7loYXzS41q6ScIFPKNHn1CyIFTYVmU7h3xrBGr+Th6qwaKp9VYjblVmVVDTYGIG5XSFTW+v7lZT27F4ctBfV5NNBV5aHWznWzcnRma3o6hJ5me5rM6shM8xQ57QUuvcKYZTG70uR6V6EzM8+msTotEoPTmhOyuqx6d8Nwvb+1qkDNSfzV3UnL8Z/ACVdBikfTcuJgOmcQ/OPiiJ44SzvS8rVBweLtsMxkCzV1BKReyZ10Bkil044Ak3gCTDkA+E9U9lB2drFLI5FYKh2J5xV6q9+ZXWhTqRyh7LZqqcRSYqdF8jQ4E7xBm9Kl1CoEQaFV0svz5wfy5+YmTlfpFExNSn4Hu1gb0xMb8wbycmf76I1QIgji3ZMS48R7/P38wxB3Fz1AsjlyQK22wOG2OEYs6jh1xnLaHXHacyC9W5zUWH3yVQp7kXJiSl6t5ESUVidUlLPFasrg71fbi7N9xQ7VIX2ormv+qmptmlLg5VqlPVyYm+XUci4vBy1PnFu/vGXsnnWNdrm5INsXtMrNNSPXHN2dl5ubByOdOXFMcgbsm9NI//0V5RGXz9cGt4P8iKq8LaO77TSi07XJWd5A2nraW3U+vri6vXhm5kxetAaag0UYMHpriAUXVRY9ZqogA9MxSVPnVk4FnEk8WkjMm0/kK9LL2RtrFmbAoRWu48WzDExolqzkSiKwdhS0jJdIBJ7KDMY0+S2C3lGY5Qo49PwN8vR0AxwQglTKhTmlvSjHm2+W0QFJMLQjtzLfrlqmSEvTSalUb0hXLFNa/JV524tCQo7VyMl1avrHzEhjQ6bVxj4Taeo0drClaegYE9usmQ2NkcxEjsYAm0Nl0PBNgYDaWZqTeMbZ0FBrg0YROy3ODrt0gUBqLb8CazlESkfZG+hhfAO9+CAx53fALTILrvPqNEdHWmo1g8lPuZz/8cth/hVcAnZ14vqUz0oxXQVlvmwom1wAdHHi9kkXdn4qlYjRWak082jJOwl4tG3i2ZuM3iH/TYLl4r0b8nrR4ylgrkZYOVnEJb7rWnTAkiZNi9M5BxxJn1sCTpe93RKd15SgxXvSuysje3f1mjjoIofqNTYk5o25I2yD8XM9BZnK8cbJtfywKjPoceZlqpJ+OBkfw6ieFEe1PREXRsACuaT4EWKBm0Y2kdHjkDVxw4fVzg5DR7YZruwH5F38meIYk6+w/sCcrPjqg71b859S7QbmUoQRWlpRXTpem501qfJetQPMAanT7RmJF7V6vZbm5+Xy3ZOxYSn3ixPpDAcbJyGSG2GcBaTkEbipLwI1urkGuBelw8mtkOd0ZHZoOtzpMNRRoYuI46wXIxj0EXCJ/apBnkhKbszK/mItjNNZ7POFbCpqU1qZ+7OpqY05QvAhmrm5eV890hNpuM0pJt4VZoO9vaSEVI8S8BKLD5hM9uw4tzuiktv5z9bm0bw8jSlOZx9ytRd9phGPNebVhibdGwso8DqRMTWuSH4/Jbq3VFAhXrfKOcHbGVh355nhqnPu3+FpaYrYi/LFozkjnd5oc9LGjFB3hbfO6qj1rRjiLuWFwr4tM2dfOBSmvMBLioq5i1T2gLu2yOEaP+KtyDHyXOJVXpiDMdS7kjBYIIOUkiaIz2tN7GJaQMq4DQeczgLxCDKQAutn1dXe4o6Gz7zd+g7ctXhYp+Y0/SBKKv9U80yeSidPURJW24v82biFs/1FdvXxtqzWwNm3rQxXbTx4vqe5oc5eFFDbg1ntM2hNRmhmRVaV1VHpWzaUdYpNPfYlFfANrNBoHL9jqgI4Nn/+KMzfDd6qYDTPymbPIsjdEQ3R2j/z+yXpHYWfnQhOkjfu6SFhatnhdCUnTY0/WrP1ge2e1uYGNgOYHewRTdac/HV3nVmW+NRU3F3pbbQ6GnwrRuisL414ynTmnzzyAHiebfwvSJg0kqYHyAxu8WEv8fvtjaqHuCHwAmlcLJJm965VUdVPGxslFa8HOsxJhytabKhK3PIlkE6rOvnIZUG/LBlEQEgBZ24FzDI5SbPJlCHz+ydflYT5bQpbcS5zW43B8kJ/eo3U4CnN9RY5NbqMWtuskkWrq9Z9f42rq7vL4XF/bp+RWdZWkJ5R2FJ9VhbcmyBa0KnoXENeU/gGXbpS4KRqlSovuLeu32jaMty2blY+J0h4Ls+zQCIYs0scrmKPATyHOfF7ehf1EBvJGNWTOHf5gTSV2U70LxyFWT2Bs0nNoSJ98kveu+Rp9oxdMoMlK9ORraeSrfqsUp+3xKOL5zZUVzgeVWrlEnajpcZbs/JNMpkpHzR928SH9EH+PvE9lW2UGONc/H6l02udKdG1k/qj9fDI8NQlkXqaYVqePqj1lOfllXvUamTt9Dxvyq/M1umyK/MD1dl6fXb1eHt+FRNU5efXMK5h3n0bjOcumktURBFTsBDkKDpD8IXgPkpM9K6Gvr5IQ39v5MqhSP3Aokg9a8UlfsmfJnkWdrr1CMnguqE54WbFlHoJCYVAacz3pycVlgwVZcclekfAk1dqE6TcaYLeXujOD2cKksQ4xMkSud5qkF4BQYGYgifU0Cu4Slh7OmKIEZnqATCPQNiWEU8/dNapu0alyZIYtppMVnqb2qCW0E+rg6GqyqDSkkugEdyQ5bzECBr3kLlkKVk9Wg+XuUCsyt8GYdjhLJvRZiQL4zRxQJlV1QMc8ZKqmT0FLeG6ueGZ/r4di+nipyUSnesjS9/aeXTez3foqG4hqR9idzxx8Z/4JndM/8KL+AWePhmATLcjP3XsJgnkxI1Pp72BEDcHDZ/wfZMvFMVXZnK+ZNE35y3cdVqgaOjShfMuHCg0p5nGR03p6SZutint+PcKQt/0VRT6jYnLqNJamM1Cb43FY7zFW57rUtNzOBB6mZC7Rucu9XvLfcbm1iz45J7uvfz0qpLFe+b1Xb6iMjy8e3xGUWFhUaiwIJRfqvXOCPLB44MpXyJcbs62qPSuItfxx/lvTx5yLwW6Kt2uypmFy1c6KmbCuVALN7nnJD5Y8RWkjTpT36J2TDx6WAdrp4MWPcStIUaSy62JKJ06r9MIv8rKB7n9ECa9CndFjl1rdDxpjHMXHFSW1UoKU28mC+M0PaKwDraIbyVb4jQjFpEsPvFuFmzBPBP7ewG0C3zgN6JDAVukQ9FEFY1U0UDlEaoUqLSNSluptIVKm6m0gkrLqbSMSkupNEwVQaoopIoCqghQRT6VeijvpioYu47/vxwPrAkYDmFfFZ30Q8XPk14lVwT5ybfozAc5+eRBx5yluVx8RZCj5fEbI/652i3RDWfftbbS0zBSH+6pdlasvvOsM29YEnJV9pTWDjd6E68YA/WBvp6MgtaijtlOa9mcsmBr0Lx82ZIRumBgz+Ligv5tcytGejs89obuheWzdgyVBPs2tYUG57Q53O29i7hab2WOsbvZXV4UzAwsGT/sqy0vybSWVNR6Z/X0sW9HqsDSL4p/ERAgT6bsXJi0cyE1PshdCyZ9YYpJ3Q+BSElsE28dUNFuW0qPtjjti2h1vT4LSH2iMn1x2j/lO1DxO7dJ26I90+AZCjdVKClnpBzrn3X4L3UsfpU3BN2e6t2+MOXdvsC/WLLu0IUX/3BFXnjdoQsuvm9FbuJTZYaroDKrprswzRTqLM2ZUehMl3GX3XQsumjB/k9vvvELke9euHdlO6yI9T9Yt+fQmQFrycxl28HzXQOhVFRiJkFyCDUY0SjyqCKXynMoTaNF4leYoL9IEeVJXpy76oDTojLEJ145BEJDOtwXtkUU3p48nZ6qJPo4DcQi0j6cG0yqpH4cjpjA0cfD7B6xeChAxIVni1jyciHYpFMfxZ7wdfpjK3qIpBawePZPfpkeNsikUjzwK3zJlwYG0RFGpSqtYrxcrlVJJZD6+3Nmh0HKybVqapLoLDkuf8gif16hU0mW2XPY3zOJfxul4js3qCSGfL/FZdLKD8JpTnmZWvHF8ypLDuhuAHR3BNZfHU1L6k4rFFABtmw1VVRRVSSeXIsRaopz7x0O++CXVD3IvUdUE+/gslTBslHlx+mqw4bKKre76lRLaFVEEzZJg736yW9DBk9oJVCCf34RMLBoqArOLHGJHsVjga1UtvkpU3r6SaODUen4f+eTT7gaOt0wFRV1/LSXW9ITL7fEa+QRCftbAIvJbVRI9Vbjq009QUNGXl1+zYKWoEahkUt4qdLatGRzZPn1y4otM/esv54mlAa19EwHXCbl5gKvJ+TzZrzfumHxnGxPTYHV6XOp7aEss8tssPi8lvCCbe31W/fuX3eT2srem/Sz939guwHagLa7X95Gla1UNT9ltPm0OM79LKKZ1eufFfHPmuWP8Frbg9zb4FLeOsgqaNn3maIRtaBJbctD9DRSQxR00WFDDfyaypMKLU8ptJxt/Y7egjgVIga3W9LB/pyGdk/+Tc1pJ/mF5AvFwNS/12GmfSGQfK9oSKs6YWBbRJOcAAxcx//3D+aEtQdPvNws/9rvNk+YP8PJ84c7L4qvbtw4WJ2mkPF6vbJ45oqGir4ah7dlVdtaTZpaIlEZ1Ouq59e6TYHmYOnCjrBarpZDxK0w1i06r33Rt5aGndXzqprP6sql541ct6Is3e7UG215cMG3uWyZoaa8wvawXWbKcTl8RrmtpC3gqQlYXT63zOh3Wj0mfbo/21rQe+7MmhVzKrW8vGzOcjhfsuGe8gbEcvngHT9M7nCjLEhlASq1U5meyrRUqqEq0Umq2EIoAtUHPfo4d/rBHEEghQ9yCmKa+CCigUKTLZgjKjcHlHtQgFkG4nT5wYinR5n6SyHQcng88HgJuEzYwCw0h5iO2Tx5fNsi5Tk6mhOkOQHqt9McPc3RUr+GnmJM4lC+/hPRmidHCeJ37d7UBbisbHIz0xOe1US91MO/kZG2Qe2ES3CxQ5UwaE06GS/TKOlVEkugMRRuDxg36M2JVVxiP51HN4bL3kkFb+/IrKEcd8iflc79VKFRCBKVXnX8Y7j0j9/L4v5h2KNRiZbUkbeSe1RSTiVlJznWijinPpRbkluidTzIPS5GcKIlcE9Wx6nvQFaWZOqqXxYrmKuI0yX3p1tE5VimrnX2tx9i4BTC3fZCYPIv5FL7LD2/nOZX0ORQRC/6X3nMyV7zK78nyMJXW8lLCPtbFE/yys5HOy5+aP2Ms06rMMglnKBQy5V5TcNN1Ysbs52RFR3Vi/MdVlcWt1yhV0kyjIlSb4t/1XfWVNM7V3133Qyd2axLs/oz2R8Am+1mS9mcyqKu0ky1I4cryfWqMwPOGeWJvwpc8eK97G1dMrbmpHB7ZxYSMXZT1ZbFuhkfE6tc/E9lH/rr+ayUPPLU9peO6xIbFO/IbmXvG2FHUbECfEpJgtDHledB+YjinaR88kcYEbQncvRZkPyWmL8upKUTzzMI55O9wgwy+1SQqMheEQ6iY+DfJHsB9VN4BqAb0A/YlJTv5e+BNlbS8SWoQc7QRPRcFtnLZU3MB/YDNwPaAbMACwA7QZ4FcAo/g3p3EZ67a+I+YRjGCuCXiFjPr0umN5MMYTvZK01A3y2ngAewisz5p1iPgH7mCI3wLIBkG6S/AWnEGYz5p2DuCBfAO5n/hKinQlJFLvu6EB4iJlmEBKZDWEk8Qi7RTwf/PAkn4WQstBHl14XkionXGYRKsot/msw/FYRvkV2Abwh3ET8DfwXUvYJkJ9mdhANQBKhPynfxA9DuZjJwCuwS8WNSyunJLk4/MQzsAu4DNAB6AcsB54HcAjAJa6DeKrjErJq4XZBAWwB3XMTFvAbTvJoUCBlkl7Qdyp88Ba4H/I70/1O8gZAGYS2PQ78A4RWQ+YAR8xnza0hTEhQgncyfR2wAeZJtwj3koq+NMmKT7iGB6YDD0c8fJaov4QpSl4RJ5A9J2zRUnEImQhpGCF1kOz9I2pOomZJul20DyEm7VIuAul3CE4C9gC4yU5CRzq8DbjexSh8jVoWCWIVnpqTXTMM3piEplx6ehqemISk/qX43eNhrp/T9zokyiSmJFmKVLSJWWOe26RDn+mVsF7om9gkjE5/TT8mZ9NOJc4AzgZcCKgCbAasBG0AuB2wXeHKmUE3O5lQTLyexmv8N6DwJVgdQwm0QuZ6zEyM/QrZLL2DPOglLRT42cZ3I3WCPf4b5COnDou1S/XRxL5HtiIkPgOfxxaQDMTEBTFJ5yQsIYS3ZwRmg/hPEzL0FYPwisUn0cIbc9/UgiRCzbA8g9+sBxnnuNCw6hUwE/zNiknxCvNPB3wu+6eewN6YjSFqS4EXuIytgr/bz3yVzuEdIOfcxmc81k0rgau5JUk2fI3buZvBFX8B1YSuZTS+a+C33KKQ3gy84C+p+DviYVIntWBsCXE1m0GPQDtpw34W1ZyNu7m7AXaC7avB9p4M/uwhwGzu1jycAf+JWfkn2Ol8O9gDfx98kyr4NWDZNdh1gOT0O+csBVwGuE+VnAlbycyGvA6wG7Bbl3wSs5l2QbwOcLcpuB2zljZC3A7JF2fcB+7h9MJ7vAL4vyl4HvMJBjMH+UxLuENT9E8QbGYAWsTwC0FGoBWuZiPw6k483MXCryQrgYW6XyP0cR07nClLxysR6FoPAmPYK+0gAY4jELexMw3ghsZWdzRgvJK6G2GC2GAc8SjJT5z3/PunGM3xCx9qwc5t/jHSyMxjPy0Q3Yynojp2n0s1kC5zzHZL1iQ/xTJzYLJ6FaeDntcSDZ1kiznwrnluJJ4VPSD+eW4konFE94nnkJIbUucNfTebhWTLRxtqIZ8hWMks8D0S/nbiEseQhGAP4dclL5GzhNaj/2sR24UHwqQxDsE97SA//Ixg3aI6/G3w2gHuHRGA/bxexEOKRK4jAdZJzAYTrnNgGcIh+5Q3oG/wH/1NY6xlwLjhJ86RPuIO4hTqyTFhAWvkG2OfZhBOWko1JbADkSr5NGgHNsL4UkjfJZsnDEAMCuG+KthT4j0Rbl3PZZNskymDf6Ekfg2jP9eRy0Z6bkjgXbLSEKKfEjDOld5Nq/mVSJ6mAsiSS8eAsFuul4i2JnChl+UQp2hnsKiuYEscp0c4sTk3FXsIIkYv4M/iFn6OtIdbcK5FBvctJt6wQ+jhDjGfV0qUgWw2YDbqZTWbLZkP62yQC54NaogNkQnu2Nuxkt7g2PElUg70Pi2dwKh5ygi2LYe91ClEoSyIZ4/Sy+EVQg4xhhPDierk5GZP8BnB9cq2wuCsVR7xIzAxg70wYv7heYH3sEq4ElJC5UoiLpNeJ/VgkvwG2Qvu/kCH+PYhfdot1OoU9xAH1HaBHIm2C554FdeD8B50RcW19DH79xSTehzWzmFQK3wd/xc67KWe45M8Q351BqoWNsPY2krWMk2fgZnausX4YIIYxSstJmuQQrmPp/ORZ1QFoPXGeiTEGO2ecRMHOuknf/DnY7HTSyHy3sAPqzoSyt0iR1AZ9zYH8FliTMXwWvwPsvZN0SqWQPg5x0uqJz9nZLDQQA38HzC0JWKvXMnA3kb8AbmLgD5ENgF4GQUkGwD7PAr7FLyKr+X7SAnYzi2u6jNzGeck2ySg5H2RnivIkg42WJeM8kZMyG/dj6O/H5O4Uw7oaBFyfYn4t4fh6OJuO0rX8cXoJ5O2Qr4UYoIaBPz7xMYOsjlw4FSD7HOZ5zeSe2w7j2E5GuBvILYB5cCaVA1Zxg2Q1YCm3hVwFWP5V9XgWNx8nw4ARwGnCU6QHbDYP0k5AFX0FztYLyLkS8P+SzYTIGwiRFQGakaX3klsZwFeukvyElEh+Cz7iR6Dz43BXOUxmgNwN6Q7gHmGAzIT03YBmyLP0UlgXGZB28H8khfw+OH8/gz28j/QBJNIyUiVfBL7iOLHL6mEtV5BMWJezuFcgXvsA6r1PmsD/O/m34Y7aCOf3wyQkREg3pNugzyrANYABQD8gEzAM6APMBdQCGmEND3D3gu5vI3P5i+H++jzs4z1kMf8MGYB94ONfAP/0e/CT+yCO3ge62EfmAHoBbLxLAC2ANkAlw5fG1/y1x5d9qvHxIVgTEuLgDpI6LgrxyBjxcjHSxL0BMdwtJAj5GZAu534D6+Y5MVbpok+SbkDbf6UtnOshaOvj1pIibiO02wT39DNIMbeV5HMj0OelxMmdDev869Z7aSLIF5BKySWAawBNSZ4PuApwDM4bhltIjeSvgLdIjVQGMdwoaYZ0s2QtKZD8GtbDdlIlOZ+0ysbAJsdJKaAC0AfIAvQm03PZGgOsALQA+tnaBoQkb8MdsYpkSQ/CPpwJa5ASLeypBIs3WBzAzkxpI/iD0wEtpBz23FWASwCHGaT3k83S+6k8xcrzyFVSP9kmrCC5ybcvM/7fAnfVfw38lf86hM3/PkjeOzWk95wM2c7/4D/474di4F+D8qJ/DWr7f/A/BQ33fwdt6/9O6Pz/wX/wH/z/GXrh1DAYT4HsJEq/As3/wT9FHyFpCxHpZwNe+Qq8dzIy4L6Rcfwfw3QXwvwRIZZoEo9Ow3OAVxHWFUls/jIynVPwHMJ2GyF2gGP+yXAO/JvxOMIFunLt+Tfj3VPDXf4fTIUn/t8D7x3/s8j+CyH+LEJyYI/lQ2wWuICQQuMUZP8H/4+Bsr+IIfcSGbkHwBE9CZFhFqlnZBGB0FEFH+c+jzkdrjj3WcwZAPo05iwA+gTpY6SPsOxDzH2A9Hek95H+hvQe1hxDeheFf0V6B+ltpLeQ3kT6C9Kfkd6IORVAf8Lc60ivxRxpQK/GHFagP8YcIaBXkP6A9Hukl7HK7zD3W6SXkH6D9CLSr5FeQHoe6VdIv0R6DulZpGdwEEeRfoH0NNLP8bE/w5pPIT2J9ATST5EeR/oJ0mNIP0Z6FOkR7PNhpB+h8AjSQ0gPIj2AFEe6H+kw0iGkg0gHkGJIozF7CVAU6b6YPQz0Q6R7ke5B2o/0g5i9GOhupO9ju+8h3YX0XaQ7kb6DdAc2vx3pNqR9SLci3YJ0M3Z9E9KN2PwGpG8jXY90HdK12O4apKuRrkL6FtKVSFcgXY5d78XmlyFdirQH6ZtIu7HBJUi7kC5GugjpQqQLYrZSoG8g7UTagbQdaRvS+UjnIW1FOhfpHKQtSJuRNiFtRNqAtB5pHdJapDWxzDKgs5FWI52FdCbSGUirkFYinY60Amk50jKkpUhLkEaQhpEWIy1CGkJaiLQAaT7SYMxaATSANA/pNKR+pD6kXqQepLlIc5BmI81C6kaaidSF1InUgdSO1IbUitSC1IzUhNSI1IAUQapHqkOqRZqBVINUjVQVs1QBVSJVIJUjlSGVIoWRSpCKkYqQQkhBpEKkAqQAUj5SHlIuUg6SH8kXM9cAZSN5Y2a2krNi5mogDwrdSC4kJ5IDyY5kQ8pEsiJZkMxIJqQMfIIRn5COwjQkA5IeSYekRdIgqZFUSEokBfYpR5KhUIokQRKQeCQOiSIRkegEUgJpHOk40hdIx5A+R/oM6VPxsfQTcUb0YxR+hPQh0gdIf0d6H+lvSO8hjSG9i/RXpHeQ3kZ6C+lNfN5fYiYv0J+R3oiZYGXRPyG9HjNVAr2G9GrM1AT0x5ipGegVpD8g/T5magF6OWZqBfod0m+RXsKuf4P0Inb2a+zsBaTnkX6Fnf0S2z2H9CzSM0hHkX6B9DS2+zl2/TOkp3DwTyI9gc/7aczUCPQ4NvgJPugxHPWPsbNHkR5BehjpR0hHkB5CehC7fgC7jmPX92PXh5EOIR3EBx1AiiGN4mOjSPch/RC7vhfpHqT9SD9AujuWAQ6Xfj+W0QD0PaS7YhndQN+NZcwCujOWMRvoO7GMHqA7YhkRoNuxym1YZR9WuRWr3IJlN2PNmzB3I9a8Aenb2OB6pOtiGXOArsXm1yBdjXQVDulbWPNKrHkF0uWxjLlAe7HmZUiXIu2JGQeAvhkzDgLtjhkXAl0SMw4B7YoZO4EujhkXAF2EZRdizQuwyjci9wG/r2tx/U3b7npVPcv1GODHgEcBj6hOc8UAo4Ao4D7ADwH3Au4B7Af8AHA34PuA7wHuAnwXcCfgO4A7ALcDbgPsA9yqXOm6EXAD4NuA6wHXAa4FXAO4GnAV4FuAKxUrXVcALgfsBVwGiNMdsXS2+7bH0thK2oi0IWZgK2k90jqktUhrkM5GWo10FtKZSGcgzUCqiekZVSNVIVUiVSCVI5UhlSKFkUpiOrYsi5GKkNKQDEh6JB2SFkkTAxvEqRpJhaREUiDJkWQxDbOsNLIA+D3AGOBdwF8B7wDeBuv9EfAK4A+A3wNeBvwO8FuwwkuA3wAeBvwIcATwEOBBwC2g+ZuVTNM7UdNbYwa2ws9F5ZyDtAVpM9ImpCakRtRDA1IEqR6pDqkWp5yBZERKRzoPH9uLlu3Bp89FmoM0G2kWUjfSTKQupE6kDqR2pDakVqQWpGakLCQPDtCN5EJyIjmQ7Eg2pEwkK5IF52BGMkVuAh4HHAd8ATgG+ByM+BngU8AngI8BHwE+BMt9APg74E3AXwB/BrwB+BPgdcBrYMGjgF8Angb8HPAzwFOAJwFPAH4KeBzwE0AccD9Y9TDgEOAg4ADgJtHC21DH5yOtihmCQCuRTkd9rEBajrQMaSnSEqQRpGGkxUiLkIaQFiItQJqPNIg0gDQP6TSkfqQ+pBBSEHVciFSAFEDKR8pDykXKQfIj+dAo2UheJAmSgMQjcUgUtxuJ3AE8AUgA3gKNvgj4NeAFwPOAXwF+CXgO8CzgGdDwA4CLeZ/rIj7oupAGXRe07+z/xv6d/Tvat/Vv37+tX7WtZlvXNl61zQZ03rb9217eJj2/fWv/efu39gtbjVs55bntW/rP2b+lX7WFqje3b+rv2/TGpo828cZNfZuWbdq46ZpNL4BAduemg5se38Sz/yotbVNlTevOTVdu4oxQzpFNVMfEnk0qbevG9vX9G/av7xfWl67nat5YT59bTzn3ehpZP2c9B7UOrM/ObWW1J9abMlvJevf6ovX8uvY1/Wv3r+k/u311/7Or6ZkwlTNgSquCp/ev3H96/4rgsv7l+5f1Lw0u6R8JDvcvDg71L9o/1L8wOL9/wf75/YPBgf55UP+0YF9///6+/t7g3P6e/XP7Zwdn9c8CeXewq3/m/q7+zmB7f8f+9v457bQt2Nrfwpe7iIsSJ/xb69zpfN8pqIYdax3cWserjvcd/Fr7+3Zuh43qMndkXpHJ6+CDww+ry3qFdZ/1PqtEJyZ49dq0nWncWsNOA1dkiBieM7xqEIjhNgOnu0K3T3efjp+tW6z7m25CJ9yno/dpH9E+q40M87O1i7VrtLxOyyS8PqINFrfqNC5NSMPPCGnqNbM1/BUaGtEES1ojmuyc1nr1bPViNb9PTSNqf17r35QTSi6ihIK/KSYU3ISCEp66KSVUD8TLQcsHaYarlT9C2dseCaH0ytG+3kCgKy6b6OmKKuYsiNLdUV8v+4zMnR+V7o6S/vkLBkYpvXyQ/cdxfVEj+5/OiPmL9+4ljsauqKN3IMbfdpujcbArupOlIxExPcHSBKoMBhZt2LRhw8bAhgB8ABZtAMnGTfBPJAqfwJs2spKNGwhUCXzFzwbEhk2LN0FbyCzasIH1uinAcgzsCf97f+j/9AD+1/5YFi8i5P8AnzC4EwplbmRzdHJlYW0KZW5kb2JqCjE3IDAgb2JqCjw8L0Rlc2NlbnQgLTI1MC9DYXBIZWlnaHQgNjMxL1N0ZW1WIDgwL1R5cGUvRm9udERlc2NyaXB0b3IvRm9udEZpbGUyIDE2IDAgUi9GbGFncyAyNjIxNzYvRm9udEJCb3hbLTQ5MiAtMTkzIDEyMzkgOTUyXS9Gb250TmFtZS9VTFdGQkUrQ2FsaWJyaS1Cb2xkL0l0YWxpY0FuZ2xlIDAvQXNjZW50IDc1MD4+CmVuZG9iagoxOCAwIG9iago8PC9EVyAxMDAwL1N1YnR5cGUvQ0lERm9udFR5cGUyL0NJRFN5c3RlbUluZm88PC9TdXBwbGVtZW50IDAvUmVnaXN0cnkoQWRvYmUpL09yZGVyaW5nKElkZW50aXR5KT4+L1R5cGUvRm9udC9CYXNlRm9udC9VTFdGQkUrQ2FsaWJyaS1Cb2xkL0ZvbnREZXNjcmlwdG9yIDE3IDAgUi9XIFszWzIyNl02MFs1NDZdOTRbNDcyXTEwNFs2NTJdNjg4WzY1MV02OTRbNTYyXTY5OVs2MzBdNzAxWzY3Nl03MDdbNDk1XTc4MFs0OTMgNTMyXTc4M1s0OTQgMzU0XTc5MFs1MDNdNzk0WzQyNiA1NTZdODAzWzUyNV04MDVbNzEzIDU0NV04MDhbNTM3XTgxMls1MzYgNDE4XTgxNVszODldODE3WzQ3M104MjJbNTYyXTgyNVs3NjNdODI3WzU1OCA3MTEgNDk0XTgzM1s0OThdODUzWzI1N104NTVbMjc1IDI2N104NzZbNDI5XTg4MlszMDZdOTUwWzEwNDVdMTAwNFs1MDYgNTA2IDUwNiA1MDYgNTA2IDUwNl0xMDEyWzUwNl1dL0NJRFRvR0lETWFwL0lkZW50aXR5Pj4KZW5kb2JqCjE5IDAgb2JqCjw8L0ZpbHRlci9GbGF0ZURlY29kZS9MZW5ndGggNDg3Pj5zdHJlYW0KeJxdlE/L2kAQxu/5FDm29JDNzkQtyFz6UvDQP1Rbes2fiQReY4jx4Lfv7jNZhQr+IL+4u/PEmRRfDm+HcVjy4ud8bY+65P0wdrPerve51bzR8zBmpc+7oV3WK7C91FNWhMXHx23Ry2Hsr9l+nxe/ws3bMj/yD6fT30/uY1b8mDudh/EcDPvff4I53qfpXS86LrnLRPJO+7DVt3r6Xl80L7DwJU+PSXOP69IqaK+d3qa61bkez5rtXfjI/mv4SKZj999tJlvV9K+fkzzpnURFrTzJDVSl8iJBbXbyZFVF5Ztw9Eoud6Y2kshlbaqRRC47U50kcqlQbazIyN5HRS5WZGRypjpJZCpN9ZLIZAvLWJGRiUxtJJGpMlVLItPWVCOJTAhEPlZkZGpMVZLI4alBYXtv23emdpLIpKYQCGS2QB6BQGYL5BEIZLZAIWoiswUinAgyb0x9lkRmq54QCGSuTaEIsiIsEKEIsiIsEONEthN7qAqxwfBHmdpKoiPbvkJs0HmLvcGJoPO219ZLovP2vNAzoC9LC6RYqNae9rwUpYJubQBVSXRrAygeIejWBujRE2DIZQoZQbf2RM+S6GIDhJFKsxOnKw7+c1jb+zyHOcbbAdMa53QY9fkCma5TXJWHb/YPqswcvQplbmRzdHJlYW0KZW5kb2JqCjQgMCBvYmoKPDwvU3VidHlwZS9UeXBlMC9UeXBlL0ZvbnQvQmFzZUZvbnQvVUxXRkJFK0NhbGlicmktQm9sZC9FbmNvZGluZy9JZGVudGl0eS1IL0Rlc2NlbmRhbnRGb250c1sxOCAwIFJdL1RvVW5pY29kZSAxOSAwIFI+PgplbmRvYmoKNiAwIG9iago8PC9LaWRzWzEgMCBSXS9UeXBlL1BhZ2VzL0NvdW50IDEvSVRYVCgyLjEuNyk+PgplbmRvYmoKMjAgMCBvYmoKPDwvTmFtZXNbKEpSX1BBR0VfQU5DSE9SXzBfMSkgNyAwIFJdPj4KZW5kb2JqCjIxIDAgb2JqCjw8L0Rlc3RzIDIwIDAgUj4+CmVuZG9iagoyMiAwIG9iago8PC9OYW1lcyAyMSAwIFIvVHlwZS9DYXRhbG9nL1BhZ2VzIDYgMCBSL1ZpZXdlclByZWZlcmVuY2VzPDwvUHJpbnRTY2FsaW5nL0FwcERlZmF1bHQ+Pj4+CmVuZG9iagoyMyAwIG9iago8PC9Nb2REYXRlKEQ6MjAxODEyMDcxNzIwNTQrMDMnMDAnKS9DcmVhdG9yKEphc3BlclJlcG9ydHMgTGlicmFyeSB2ZXJzaW9uIDYuNi4wKS9DcmVhdGlvbkRhdGUoRDoyMDE4MTIwNzE3MjA1NCswMycwMCcpL1Byb2R1Y2VyKGlUZXh0IDIuMS43IGJ5IDFUM1hUKT4+CmVuZG9iagp4cmVmCjAgMjQKMDAwMDAwMDAwMCA2NTUzNSBmIAowMDAwMDAzNzQxIDAwMDAwIG4gCjAwMDAwMjg3NTYgMDAwMDAgbiAKMDAwMDA0NDU2NCAwMDAwMCBuIAowMDAwMDYwMzczIDAwMDAwIG4gCjAwMDAwMDAwMTUgMDAwMDAgbiAKMDAwMDA2MDUwNyAwMDAwMCBuIAowMDAwMDA0MDAwIDAwMDAwIG4gCjAwMDAwMDQwMzUgMDAwMDAgbiAKMDAwMDAyNjkwOSAwMDAwMCBuIAowMDAwMDI3MDg4IDAwMDAwIG4gCjAwMDAwMjc5MDUgMDAwMDAgbiAKMDAwMDAyODg4NSAwMDAwMCBuIAowMDAwMDQzNjQzIDAwMDAwIG4gCjAwMDAwNDM4MzQgMDAwMDAgbiAKMDAwMDA0NDE2NiAwMDAwMCBuIAowMDAwMDQ0Njk4IDAwMDAwIG4gCjAwMDAwNTkxMzQgMDAwMDAgbiAKMDAwMDA1OTMyNCAwMDAwMCBuIAowMDAwMDU5ODE4IDAwMDAwIG4gCjAwMDAwNjA1NzAgMDAwMDAgbiAKMDAwMDA2MDYyNSAwMDAwMCBuIAowMDAwMDYwNjU5IDAwMDAwIG4gCjAwMDAwNjA3NjQgMDAwMDAgbiAKdHJhaWxlcgo8PC9JbmZvIDIzIDAgUi9JRCBbPDkzMzJlNTRjZjAzZTIxYmY3MDkwYTUwOGM5NWVlNzBlPjxhMzBjODQwNWJlNTEzMTg3MTYxODU1NGI1NmMzNDBhMz5dL1Jvb3QgMjIgMCBSL1NpemUgMjQ+PgpzdGFydHhyZWYKNjA5MzIKJSVFT0YK','base64') where id in (91491, 90555);
update content_lab.category set photo_edit_instruction = photo_instruction, editor_instruction = photo_instruction where id in (91491, 90555);
